SET NAMES utf8mb4;
SET FOREIGN_KEY_CHECKS = 0;

-- ----------------------------
-- Truncate tables
-- ----------------------------
TRUNCATE TABLE captains;
TRUNCATE TABLE residents;
TRUNCATE TABLE categories;
TRUNCATE TABLE products;
TRUNCATE TABLE orders;
TRUNCATE TABLE order_items;
TRUNCATE TABLE commissions;
TRUNCATE TABLE carts;

-- ----------------------------
-- Seed data for captains
-- Passwords are '123456' hashed with bcrypt
-- ----------------------------
INSERT INTO `captains` (`id`, `username`, `password`, `phone`, `status`, `created_at`, `updated_at`) VALUES
(1, 'admin', '$2a$10$hEL42uZB4FF759qMIl2aYOT/6Ke9REtDW94W320qrIDnE3QwFAcfC', '13800138000', 1, NOW(), NOW()),
(2, 'li_captain', '$2a$10$hEL42uZB4FF759qMIl2aYOT/6Ke9REtDW94W320qrIDnE3QwFAcfC', '13800138888', 1, NOW(), NOW());

-- ----------------------------
-- Seed data for residents (20 users)
-- ----------------------------
INSERT INTO `residents` (`id`, `username`, `password`, `phone`, `name`, `address`, `avatar`, `created_at`, `updated_at`) VALUES
(1, 'zhangsan', '$2a$10$hEL42uZB4FF759qMIl2aYOT/6Ke9REtDW94W320qrIDnE3QwFAcfC', '13900139001', '张三', '幸福小区1号楼101室', '/uploads/avatars/avatars_1.jpg', DATE_SUB(NOW(), INTERVAL 30 DAY), NOW()),
(2, 'lisi', '$2a$10$hEL42uZB4FF759qMIl2aYOT/6Ke9REtDW94W320qrIDnE3QwFAcfC', '13900139002', '李四', '幸福小区1号楼102室', '/uploads/avatars/avatars_2.jpg', DATE_SUB(NOW(), INTERVAL 29 DAY), NOW()),
(3, 'wangwu', '$2a$10$hEL42uZB4FF759qMIl2aYOT/6Ke9REtDW94W320qrIDnE3QwFAcfC', '13900139003', '王五', '幸福小区2号楼201室', '/uploads/avatars/avatars_3.jpg', DATE_SUB(NOW(), INTERVAL 28 DAY), NOW()),
(4, 'zhaoliu', '$2a$10$hEL42uZB4FF759qMIl2aYOT/6Ke9REtDW94W320qrIDnE3QwFAcfC', '13900139004', '赵六', '幸福小区2号楼202室', '/uploads/avatars/avatars_4.jpg', DATE_SUB(NOW(), INTERVAL 27 DAY), NOW()),
(5, 'sunqi', '$2a$10$hEL42uZB4FF759qMIl2aYOT/6Ke9REtDW94W320qrIDnE3QwFAcfC', '13900139005', '孙七', '幸福小区3号楼301室', '/uploads/avatars/avatars_5.jpg', DATE_SUB(NOW(), INTERVAL 26 DAY), NOW()),
(6, 'qianba', '$2a$10$hEL42uZB4FF759qMIl2aYOT/6Ke9REtDW94W320qrIDnE3QwFAcfC', '13900139006', '钱八', '幸福小区3号楼302室', '/uploads/avatars/avatars_6.jpg', DATE_SUB(NOW(), INTERVAL 25 DAY), NOW()),
(7, 'zhoujiu', '$2a$10$hEL42uZB4FF759qMIl2aYOT/6Ke9REtDW94W320qrIDnE3QwFAcfC', '13900139007', '周九', '幸福小区4号楼401室', '/uploads/avatars/avatars_1.jpg', DATE_SUB(NOW(), INTERVAL 24 DAY), NOW()),
(8, 'wushi', '$2a$10$hEL42uZB4FF759qMIl2aYOT/6Ke9REtDW94W320qrIDnE3QwFAcfC', '13900139008', '吴十', '幸福小区4号楼402室', '/uploads/avatars/avatars_2.jpg', DATE_SUB(NOW(), INTERVAL 23 DAY), NOW()),
(9, 'zhengyi', '$2a$10$hEL42uZB4FF759qMIl2aYOT/6Ke9REtDW94W320qrIDnE3QwFAcfC', '13900139009', '郑一', '幸福小区5号楼501室', '/uploads/avatars/avatars_3.jpg', DATE_SUB(NOW(), INTERVAL 22 DAY), NOW()),
(10, 'wanger', '$2a$10$hEL42uZB4FF759qMIl2aYOT/6Ke9REtDW94W320qrIDnE3QwFAcfC', '13900139010', '王二', '幸福小区5号楼502室', '/uploads/avatars/avatars_4.jpg', DATE_SUB(NOW(), INTERVAL 21 DAY), NOW()),
(11, 'chensan', '$2a$10$hEL42uZB4FF759qMIl2aYOT/6Ke9REtDW94W320qrIDnE3QwFAcfC', '13900139011', '陈三', '阳光花园A栋101', '/uploads/avatars/avatars_5.jpg', DATE_SUB(NOW(), INTERVAL 20 DAY), NOW()),
(12, 'chusi', '$2a$10$hEL42uZB4FF759qMIl2aYOT/6Ke9REtDW94W320qrIDnE3QwFAcfC', '13900139012', '褚四', '阳光花园A栋102', '/uploads/avatars/avatars_6.jpg', DATE_SUB(NOW(), INTERVAL 19 DAY), NOW()),
(13, 'weibao', '$2a$10$hEL42uZB4FF759qMIl2aYOT/6Ke9REtDW94W320qrIDnE3QwFAcfC', '13900139013', '卫五', '阳光花园B栋201', '/uploads/avatars/avatars_1.jpg', DATE_SUB(NOW(), INTERVAL 18 DAY), NOW()),
(14, 'jiangliu', '$2a$10$hEL42uZB4FF759qMIl2aYOT/6Ke9REtDW94W320qrIDnE3QwFAcfC', '13900139014', '蒋六', '阳光花园B栋202', '/uploads/avatars/avatars_2.jpg', DATE_SUB(NOW(), INTERVAL 17 DAY), NOW()),
(15, 'shenqi', '$2a$10$hEL42uZB4FF759qMIl2aYOT/6Ke9REtDW94W320qrIDnE3QwFAcfC', '13900139015', '沈七', '阳光花园C栋301', '/uploads/avatars/avatars_3.jpg', DATE_SUB(NOW(), INTERVAL 16 DAY), NOW()),
(16, 'hanba', '$2a$10$hEL42uZB4FF759qMIl2aYOT/6Ke9REtDW94W320qrIDnE3QwFAcfC', '13900139016', '韩八', '阳光花园C栋302', '/uploads/avatars/avatars_4.jpg', DATE_SUB(NOW(), INTERVAL 15 DAY), NOW()),
(17, 'yangjiu', '$2a$10$hEL42uZB4FF759qMIl2aYOT/6Ke9REtDW94W320qrIDnE3QwFAcfC', '13900139017', '杨九', '阳光花园D栋401', '/uploads/avatars/avatars_5.jpg', DATE_SUB(NOW(), INTERVAL 14 DAY), NOW()),
(18, 'zhushi', '$2a$10$hEL42uZB4FF759qMIl2aYOT/6Ke9REtDW94W320qrIDnE3QwFAcfC', '13900139018', '朱十', '阳光花园D栋402', '/uploads/avatars/avatars_6.jpg', DATE_SUB(NOW(), INTERVAL 13 DAY), NOW()),
(19, 'qinshiyi', '$2a$10$hEL42uZB4FF759qMIl2aYOT/6Ke9REtDW94W320qrIDnE3QwFAcfC', '13900139019', '秦十一', '阳光花园E栋501', '/uploads/avatars/avatars_1.jpg', DATE_SUB(NOW(), INTERVAL 12 DAY), NOW()),
(20, 'youshier', '$2a$10$hEL42uZB4FF759qMIl2aYOT/6Ke9REtDW94W320qrIDnE3QwFAcfC', '13900139020', '尤十二', '阳光花园E栋502', '/uploads/avatars/avatars_2.jpg', DATE_SUB(NOW(), INTERVAL 11 DAY), NOW());

-- ----------------------------
-- Seed data for categories
-- ----------------------------
INSERT INTO `categories` (`id`, `name`, `sort`, `created_at`, `updated_at`) VALUES
(1, '新鲜水果', 1, NOW(), NOW()),
(2, '时令蔬菜', 2, NOW(), NOW()),
(3, '肉禽蛋品', 3, NOW(), NOW()),
(4, '海鲜水产', 4, NOW(), NOW()),
(5, '乳品烘焙', 5, NOW(), NOW());

-- ----------------------------
-- Seed data for products (65 items, reusing images)
-- ----------------------------
INSERT INTO `products` (`id`, `category_id`, `name`, `price`, `original_price`, `stock`, `unit`, `image`, `description`, `status`, `commission_rate`, `stock_alert`, `sales`, `is_deleted`, `created_at`, `updated_at`) VALUES
-- Fruit Category (15 items - Apple Image)
(1, 1, '红富士苹果', 5.99, 8.99, 100, '斤', '/uploads/products/product_1.png', '山东烟台红富士，脆甜多汁', 1, 0.1000, 10, 250, 0, NOW(), NOW()),
(2, 1, '金帅苹果', 4.99, 6.99, 80, '斤', '/uploads/products/product_2.png', '口感绵软，香气浓郁', 1, 0.1000, 10, 85, 0, NOW(), NOW()),
(3, 1, '嘎啦苹果', 3.99, 5.99, 120, '斤', '/uploads/products/product_3.png', '早熟品种，酸甜适口', 1, 0.1000, 10, 120, 0, NOW(), NOW()),
(4, 1, '青苹果', 4.59, 6.59, 50, '斤', '/uploads/products/product_4.png', '口感爽脆，酸度适中', 1, 0.1000, 10, 65, 0, NOW(), NOW()),
(5, 1, '新鲜香蕉', 3.99, 5.99, 200, '斤', '/uploads/products/product_5.png', '进口香蕉，软糯香甜', 1, 0.1000, 15, 280, 0, NOW(), NOW()),
(6, 1, '橙子', 4.50, 6.50, 150, '斤', '/uploads/products/product_6.png', '新鲜橙子，富含维C', 1, 0.1000, 15, 190, 0, NOW(), NOW()),
(7, 1, '猕猴桃', 6.99, 9.99, 100, '斤', '/uploads/products/product_7.png', '新西兰奇异果', 1, 0.1000, 10, 140, 0, NOW(), NOW()),
(8, 1, '葡萄', 8.99, 12.99, 80, '斤', '/uploads/products/product_8.png', '新疆无籽葡萄', 1, 0.1000, 10, 160, 0, NOW(), NOW()),
(9, 1, '草莓', 12.99, 16.99, 60, '斤', '/uploads/products/product_9.png', '新鲜草莓，香甜可口', 1, 0.1000, 5, 95, 0, NOW(), NOW()),
(10, 1, '西瓜', 2.99, 4.99, 300, '斤', '/uploads/products/product_10.png', '夏日解暑必备', 1, 0.1000, 20, 320, 0, NOW(), NOW()),
(11, 1, '芒果', 7.99, 10.99, 90, '斤', '/uploads/products/product_11.png', '海南金煌芒', 1, 0.1000, 10, 110, 0, NOW(), NOW()),
(12, 1, '梨子', 4.99, 6.99, 120, '斤', '/uploads/products/product_12.png', '雪花梨，水分充足', 1, 0.1000, 15, 145, 0, NOW(), NOW()),
(13, 1, '柚子', 3.99, 5.99, 150, '斤', '/uploads/products/product_13.png', '福建蜜柚', 1, 0.1000, 15, 130, 0, NOW(), NOW()),
(14, 1, '荔枝', 15.99, 19.99, 40, '斤', '/uploads/products/product_14.png', '广东妃子笑', 1, 0.1000, 5, 75, 0, NOW(), NOW()),
(15, 1, '樱桃', 25.99, 32.99, 30, '斤', '/uploads/products/product_15.png', '进口车厘子', 1, 0.1000, 5, 55, 0, NOW(), NOW()),

-- Vegetable Category (15 items - Vegetable Image)
(16, 2, '新鲜上海青', 2.99, 4.99, 200, '斤', '/uploads/products/product_16.png', '每日清晨采摘，绿色健康', 1, 0.0500, 20, 420, 0, NOW(), NOW()),
(17, 2, '菠菜', 3.50, 5.00, 150, '斤', '/uploads/products/product_17.png', '营养丰富，含铁量高', 1, 0.0500, 20, 210, 0, NOW(), NOW()),
(18, 2, '生菜', 2.50, 3.50, 180, '斤', '/uploads/products/product_18.png', '适合沙拉，口感清脆', 1, 0.0500, 20, 310, 0, NOW(), NOW()),
(19, 2, '卷心菜', 1.99, 2.99, 300, '斤', '/uploads/products/product_19.png', '便于储存，口感微甜', 1, 0.0500, 20, 265, 0, NOW(), NOW()),
(20, 2, '西兰花', 5.99, 7.99, 100, '斤', '/uploads/products/product_20.png', '营养价值高', 1, 0.0500, 15, 155, 0, NOW(), NOW()),
(21, 2, '花菜', 4.50, 6.50, 120, '斤', '/uploads/products/product_21.png', '新鲜花菜', 1, 0.0500, 15, 135, 0, NOW(), NOW()),
(22, 2, '茄子', 3.99, 5.99, 150, '斤', '/uploads/products/product_22.png', '长茄子，适合红烧', 1, 0.0500, 20, 180, 0, NOW(), NOW()),
(23, 2, '西红柿', 3.50, 4.99, 200, '斤', '/uploads/products/product_23.png', '新鲜番茄', 1, 0.0500, 20, 290, 0, NOW(), NOW()),
(24, 2, '黄瓜', 2.99, 4.49, 180, '斤', '/uploads/products/product_24.png', '爽脆黄瓜', 1, 0.0500, 20, 245, 0, NOW(), NOW()),
(25, 2, '胡萝卜', 2.50, 3.99, 250, '斤', '/uploads/products/product_25.png', '富含胡萝卜素', 1, 0.0500, 25, 220, 0, NOW(), NOW()),
(26, 2, '土豆', 2.30, 3.50, 300, '斤', '/uploads/products/product_26.png', '优质土豆', 1, 0.0500, 30, 340, 0, NOW(), NOW()),
(27, 2, '洋葱', 2.80, 4.20, 200, '斤', '/uploads/products/product_27.png', '紫皮洋葱', 1, 0.0500, 20, 175, 0, NOW(), NOW()),
(28, 2, '青椒', 3.50, 5.00, 150, '斤', '/uploads/products/product_28.png', '新鲜青椒', 1, 0.0500, 20, 195, 0, NOW(), NOW()),
(29, 2, '芹菜', 3.20, 4.80, 120, '斤', '/uploads/products/product_29.png', '西芹', 1, 0.0500, 15, 160, 0, NOW(), NOW()),
(30, 2, '白菜', 1.80, 2.80, 350, '斤', '/uploads/products/product_30.png', '大白菜', 1, 0.0500, 30, 385, 0, NOW(), NOW()),

-- Meat Category (15 items - Pork Image)
(31, 3, '精选五花肉', 18.99, 25.99, 50, '斤', '/uploads/products/product_31.png', '肥瘦相间，适合红烧', 1, 0.1500, 5, 185, 0, NOW(), NOW()),
(32, 3, '猪肋排', 28.99, 35.99, 40, '斤', '/uploads/products/product_32.png', '肉质细嫩，煲汤首选', 1, 0.1500, 5, 125, 0, NOW(), NOW()),
(33, 3, '纯瘦肉', 19.99, 26.99, 60, '斤', '/uploads/products/product_33.png', '低脂肪，健康之选', 1, 0.1500, 5, 165, 0, NOW(), NOW()),
(34, 3, '肉末', 15.99, 20.99, 80, '斤', '/uploads/products/product_34.png', '方便烹饪，适合包饺子', 1, 0.1500, 5, 230, 0, NOW(), NOW()),
(35, 3, '鸡胸肉', 12.99, 16.99, 70, '斤', '/uploads/products/product_35.png', '健身必备', 1, 0.1500, 10, 145, 0, NOW(), NOW()),
(36, 3, '鸡腿', 13.99, 18.99, 90, '斤', '/uploads/products/product_36.png', '新鲜鸡腿', 1, 0.1500, 10, 195, 0, NOW(), NOW()),
(37, 3, '鸡翅', 16.99, 21.99, 60, '斤', '/uploads/products/product_37.png', '可乐鸡翅首选', 1, 0.1500, 8, 210, 0, NOW(), NOW()),
(38, 3, '整鸡', 35.00, 45.00, 30, '只', '/uploads/products/product_38.png', '农家散养鸡', 1, 0.1500, 5, 85, 0, NOW(), NOW()),
(39, 3, '牛肉', 45.00, 58.00, 40, '斤', '/uploads/products/product_39.png', '新鲜牛肉', 1, 0.1500, 5, 95, 0, NOW(), NOW()),
(40, 3, '羊肉', 42.00, 55.00, 35, '斤', '/uploads/products/product_40.png', '内蒙古羊肉', 1, 0.1500, 5, 75, 0, NOW(), NOW()),
(41, 3, '鸭肉', 14.99, 19.99, 50, '斤', '/uploads/products/product_41.png', '新鲜鸭肉', 1, 0.1500, 8, 110, 0, NOW(), NOW()),
(42, 3, '猪蹄', 22.00, 28.00, 45, '斤', '/uploads/products/product_42.png', '美容养颜', 1, 0.1500, 5, 130, 0, NOW(), NOW()),
(43, 3, '鸡蛋', 5.99, 7.99, 200, '斤', '/uploads/products/product_43.png', '新鲜土鸡蛋', 1, 0.1500, 20, 320, 0, NOW(), NOW()),
(44, 3, '鸭蛋', 6.99, 9.99, 150, '斤', '/uploads/products/product_44.png', '咸鸭蛋原料', 1, 0.1500, 15, 115, 0, NOW(), NOW()),
(45, 3, '鹌鹑蛋', 8.99, 11.99, 100, '斤', '/uploads/products/product_45.png', '营养丰富', 1, 0.1500, 10, 90, 0, NOW(), NOW()),

-- Seafood Category (10 items - Seafood Image)
(46, 4, '鲜活大虾', 35.99, 49.99, 30, '斤', '/uploads/products/product_46.png', '深海捕捞，个大肥美', 1, 0.1200, 5, 125, 0, NOW(), NOW()),
(47, 4, '海白虾', 29.99, 39.99, 40, '斤', '/uploads/products/product_47.png', '壳薄肉厚，味道鲜美', 1, 0.1200, 5, 145, 0, NOW(), NOW()),
(48, 4, '冷冻虾仁', 45.00, 55.00, 60, '斤', '/uploads/products/product_48.png', '去壳去线，烹饪方便', 1, 0.1200, 5, 85, 0, NOW(), NOW()),
(49, 4, '小龙虾', 25.00, 35.00, 100, '斤', '/uploads/products/product_49.png', '麻辣鲜香，夜宵必备', 1, 0.1200, 5, 310, 0, NOW(), NOW()),
(50, 4, '螃蟹', 48.00, 65.00, 25, '斤', '/uploads/products/product_50.png', '阳澄湖大闸蟹', 1, 0.1200, 5, 65, 0, NOW(), NOW()),
(51, 4, '鲈鱼', 22.00, 28.00, 50, '斤', '/uploads/products/product_51.png', '清蒸鲈鱼', 1, 0.1200, 8, 105, 0, NOW(), NOW()),
(52, 4, '带鱼', 18.00, 24.00, 70, '斤', '/uploads/products/product_52.png', '深海带鱼', 1, 0.1200, 10, 135, 0, NOW(), NOW()),
(53, 4, '鱿鱼', 26.00, 35.00, 60, '斤', '/uploads/products/product_53.png', '新鲜鱿鱼', 1, 0.1200, 8, 95, 0, NOW(), NOW()),
(54, 4, '扇贝', 32.00, 42.00, 40, '斤', '/uploads/products/product_54.png', '蒜蓉扇贝', 1, 0.1200, 5, 110, 0, NOW(), NOW()),
(55, 4, '生蚝', 28.00, 38.00, 50, '斤', '/uploads/products/product_55.png', '鲜活生蚝', 1, 0.1200, 8, 125, 0, NOW(), NOW()),

-- Dairy Category (10 items - Milk Image)
(56, 5, '纯牛奶 (盒装)', 45.00, 58.00, 40, '箱', '/uploads/products/product_56.png', '优质奶源，高温杀菌', 1, 0.0800, 10, 185, 0, NOW(), NOW()),
(57, 5, '低脂牛奶', 48.00, 60.00, 35, '箱', '/uploads/products/product_57.png', '脱脂处理，保持身材', 1, 0.0800, 10, 125, 0, NOW(), NOW()),
(58, 5, '酸奶', 35.00, 45.00, 50, '箱', '/uploads/products/product_58.png', '促进消化，口感细腻', 1, 0.0800, 10, 220, 0, NOW(), NOW()),
(59, 5, '豆奶', 25.00, 32.00, 60, '箱', '/uploads/products/product_59.png', '植物蛋白，营养健康', 1, 0.0800, 10, 165, 0, NOW(), NOW()),
(60, 5, '酸奶饮品', 28.00, 38.00, 55, '箱', '/uploads/products/product_60.png', '益生菌酸奶', 1, 0.0800, 10, 145, 0, NOW(), NOW()),
(61, 5, '奶酪', 52.00, 68.00, 30, '盒', '/uploads/products/product_61.png', '进口奶酪', 1, 0.0800, 5, 75, 0, NOW(), NOW()),
(62, 5, '黄油', 38.00, 48.00, 40, '盒', '/uploads/products/product_62.png', '动物黄油', 1, 0.0800, 8, 95, 0, NOW(), NOW()),
(63, 5, '面包', 15.00, 20.00, 80, '袋', '/uploads/products/product_63.png', '全麦面包', 1, 0.0800, 15, 210, 0, NOW(), NOW()),
(64, 5, '蛋糕', 42.00, 55.00, 25, '个', '/uploads/products/product_64.png', '生日蛋糕', 1, 0.0800, 5, 65, 0, NOW(), NOW()),
(65, 5, '饼干', 18.00, 24.00, 100, '盒', '/uploads/products/product_65.png', '曲奇饼干', 1, 0.0800, 15, 155, 0, NOW(), NOW());

-- ----------------------------
-- Generated Orders (160 total, zhangsan gets 28)
-- ----------------------------
INSERT INTO `orders` (`id`, `order_no`, `resident_id`, `captain_id`, `total_amount`, `commission_amount`, `address`, `remark`, `status`, `payment_status`, `paid_at`, `created_at`, `updated_at`) VALUES
(1, 'ORD20251200001', 10, 1, 35.92, 4.65, '幸福小区5号楼502室', '请送到门口', 2, 1, NOW(), DATE_SUB(NOW(), INTERVAL 39 DAY), DATE_SUB(NOW(), INTERVAL 39 DAY)),
(2, 'ORD20251200002', 15, 1, 205.54, 20.55, '阳光花园C栋301', NULL, 1, 1, NOW(), DATE_SUB(NOW(), INTERVAL 36 DAY), DATE_SUB(NOW(), INTERVAL 36 DAY)),
(3, 'ORD20251200003', 2, 1, 117.56, 12.42, '幸福小区1号楼102室', '请尽快配送', 1, 1, NOW(), DATE_SUB(NOW(), INTERVAL 5 DAY), DATE_SUB(NOW(), INTERVAL 5 DAY)),
(4, 'ORD20251200004', 2, 1, 259.95, 28.19, '幸福小区1号楼102室', '请尽快配送', 1, 1, NOW(), DATE_SUB(NOW(), INTERVAL 41 DAY), DATE_SUB(NOW(), INTERVAL 41 DAY)),
(5, 'ORD20251200005', 1, 1, 212.91, 22.42, '幸福小区1号楼101室', '请送到门口', 2, 1, NOW(), DATE_SUB(NOW(), INTERVAL 46 DAY), DATE_SUB(NOW(), INTERVAL 46 DAY)),
(6, 'ORD20251200006', 1, 1, 41.46, 3.48, '幸福小区1号楼101室', '请提前联系', 1, 1, NOW(), DATE_SUB(NOW(), INTERVAL 39 DAY), DATE_SUB(NOW(), INTERVAL 39 DAY)),
(7, 'ORD20251200007', 18, 1, 279.86, 32.41, '阳光花园D栋402', '小心轻放', 2, 1, NOW(), DATE_SUB(NOW(), INTERVAL 3 DAY), DATE_SUB(NOW(), INTERVAL 3 DAY)),
(8, 'ORD20251200008', 1, 1, 133.94, 20.09, '幸福小区1号楼101室', '请提前联系', 2, 1, NOW(), DATE_SUB(NOW(), INTERVAL 45 DAY), DATE_SUB(NOW(), INTERVAL 45 DAY)),
(9, 'ORD20251200009', 10, 1, 6.99, 0.7, '幸福小区5号楼502室', '放门卫', 2, 1, NOW(), DATE_SUB(NOW(), INTERVAL 23 DAY), DATE_SUB(NOW(), INTERVAL 23 DAY)),
(10, 'ORD20251200010', 2, 1, 211.18, 29.16, '幸福小区1号楼102室', '小心轻放', 2, 1, NOW(), DATE_SUB(NOW(), INTERVAL 53 DAY), DATE_SUB(NOW(), INTERVAL 53 DAY)),
(11, 'ORD20251200011', 2, 1, 37.89, 2.4, '幸福小区1号楼102室', '请送到门口', 2, 1, NOW(), DATE_SUB(NOW(), INTERVAL 22 DAY), DATE_SUB(NOW(), INTERVAL 22 DAY)),
(12, 'ORD20251200012', 3, 1, 123.99, 12.94, '幸福小区2号楼201室', '请尽快配送', 2, 1, NOW(), DATE_SUB(NOW(), INTERVAL 36 DAY), DATE_SUB(NOW(), INTERVAL 36 DAY)),
(13, 'ORD20251200013', 1, 1, 265.95, 31.56, '幸福小区1号楼101室', '小心轻放', 2, 1, NOW(), DATE_SUB(NOW(), INTERVAL 36 DAY), DATE_SUB(NOW(), INTERVAL 36 DAY)),
(14, 'ORD20251200014', 17, 1, 444.1, 35.6, '阳光花园D栋401', '快点送', 2, 1, NOW(), DATE_SUB(NOW(), INTERVAL 48 DAY), DATE_SUB(NOW(), INTERVAL 48 DAY)),
(15, 'ORD20251200015', 6, 1, 9.0, 0.45, '幸福小区3号楼302室', '请尽快配送', 2, 1, NOW(), DATE_SUB(NOW(), INTERVAL 16 DAY), DATE_SUB(NOW(), INTERVAL 16 DAY)),
(16, 'ORD20251200016', 13, 1, 123.47, 13.08, '阳光花园B栋201', '快点送', 2, 1, NOW(), DATE_SUB(NOW(), INTERVAL 6 DAY), DATE_SUB(NOW(), INTERVAL 6 DAY)),
(17, 'ORD20251200017', 1, 1, 257.46, 34.52, '幸福小区1号楼101室', '请提前联系', 2, 1, NOW(), DATE_SUB(NOW(), INTERVAL 54 DAY), DATE_SUB(NOW(), INTERVAL 54 DAY)),
(18, 'ORD20251200018', 19, 1, 36.4, 2.57, '阳光花园E栋501', '小心轻放', 2, 1, NOW(), DATE_SUB(NOW(), INTERVAL 5 DAY), DATE_SUB(NOW(), INTERVAL 5 DAY)),
(19, 'ORD20251200019', 5, 1, 306.94, 34.15, '幸福小区3号楼301室', NULL, 3, 1, NOW(), DATE_SUB(NOW(), INTERVAL 22 DAY), DATE_SUB(NOW(), INTERVAL 22 DAY)),
(20, 'ORD20251200020', 1, 1, 171.97, 17.84, '幸福小区1号楼101室', '请送到门口', 2, 1, NOW(), DATE_SUB(NOW(), INTERVAL 32 DAY), DATE_SUB(NOW(), INTERVAL 32 DAY)),
(21, 'ORD20251200021', 2, 1, 199.95, 25.94, '幸福小区1号楼102室', '小心轻放', 2, 1, NOW(), DATE_SUB(NOW(), INTERVAL 53 DAY), DATE_SUB(NOW(), INTERVAL 53 DAY)),
(22, 'ORD20251200022', 2, 1, 90.0, 13.5, '幸福小区1号楼102室', '放门卫', 2, 1, NOW(), DATE_SUB(NOW(), INTERVAL 48 DAY), DATE_SUB(NOW(), INTERVAL 48 DAY)),
(23, 'ORD20251200023', 8, 1, 94.95, 14.24, '幸福小区4号楼402室', NULL, 2, 1, NOW(), DATE_SUB(NOW(), INTERVAL 39 DAY), DATE_SUB(NOW(), INTERVAL 39 DAY)),
(24, 'ORD20251200024', 19, 1, 53.94, 7.65, '阳光花园E栋501', '快点送', 2, 1, NOW(), DATE_SUB(NOW(), INTERVAL 8 DAY), DATE_SUB(NOW(), INTERVAL 8 DAY)),
(25, 'ORD20251200025', 18, 1, 96.19, 11.45, '阳光花园D栋402', '请放在门口', 2, 1, NOW(), DATE_SUB(NOW(), INTERVAL 23 DAY), DATE_SUB(NOW(), INTERVAL 23 DAY)),
(26, 'ORD20251200026', 11, 1, 179.34, 17.25, '阳光花园A栋101', '快点送', 3, 1, NOW(), DATE_SUB(NOW(), INTERVAL 4 DAY), DATE_SUB(NOW(), INTERVAL 4 DAY)),
(27, 'ORD20251200027', 2, 1, 440.85, 44.29, '幸福小区1号楼102室', '放门卫', 2, 1, NOW(), DATE_SUB(NOW(), INTERVAL 52 DAY), DATE_SUB(NOW(), INTERVAL 52 DAY)),
(28, 'ORD20251200028', 14, 1, 276.48, 31.01, '阳光花园B栋202', '快点送', 2, 1, NOW(), DATE_SUB(NOW(), INTERVAL 28 DAY), DATE_SUB(NOW(), INTERVAL 28 DAY)),
(29, 'ORD20251200029', 1, 1, 9.59, 0.71, '幸福小区1号楼101室', '请放在门口', 2, 1, NOW(), DATE_SUB(NOW(), INTERVAL 57 DAY), DATE_SUB(NOW(), INTERVAL 57 DAY)),
(30, 'ORD20251200030', 3, 1, 485.0, 47.2, '幸福小区2号楼201室', '请送到门口', 0, 1, NOW(), DATE_SUB(NOW(), INTERVAL 26 DAY), DATE_SUB(NOW(), INTERVAL 26 DAY)),
(31, 'ORD20251200031', 1, 1, 45.0, 6.75, '幸福小区1号楼101室', '请放在门口', 2, 1, NOW(), DATE_SUB(NOW(), INTERVAL 43 DAY), DATE_SUB(NOW(), INTERVAL 43 DAY)),
(32, 'ORD20251200032', 6, 1, 128.98, 11.3, '幸福小区3号楼302室', NULL, 3, 1, NOW(), DATE_SUB(NOW(), INTERVAL 16 DAY), DATE_SUB(NOW(), INTERVAL 16 DAY)),
(33, 'ORD20251200033', 19, 1, 103.28, 10.6, '阳光花园E栋501', '请提前联系', 0, 1, NOW(), DATE_SUB(NOW(), INTERVAL 2 DAY), DATE_SUB(NOW(), INTERVAL 2 DAY)),
(34, 'ORD20251200034', 1, 1, 533.95, 55.65, '幸福小区1号楼101室', '请尽快配送', 0, 1, NOW(), DATE_SUB(NOW(), INTERVAL 1 DAY), DATE_SUB(NOW(), INTERVAL 1 DAY)),
(35, 'ORD20251200035', 1, 1, 137.41, 17.68, '幸福小区1号楼101室', '请送到门口', 2, 1, NOW(), DATE_SUB(NOW(), INTERVAL 5 DAY), DATE_SUB(NOW(), INTERVAL 5 DAY)),
(36, 'ORD20251200036', 8, 1, 21.49, 1.08, '幸福小区4号楼402室', '请送到门口', 2, 1, NOW(), DATE_SUB(NOW(), INTERVAL 21 DAY), DATE_SUB(NOW(), INTERVAL 21 DAY)),
(37, 'ORD20251200037', 5, 1, 74.92, 8.25, '幸福小区3号楼301室', NULL, 2, 1, NOW(), DATE_SUB(NOW(), INTERVAL 55 DAY), DATE_SUB(NOW(), INTERVAL 55 DAY)),
(38, 'ORD20251200038', 13, 1, 7.5, 0.38, '阳光花园B栋201', NULL, 1, 1, NOW(), DATE_SUB(NOW(), INTERVAL 40 DAY), DATE_SUB(NOW(), INTERVAL 40 DAY)),
(39, 'ORD20251200039', 8, 1, 264.92, 31.06, '幸福小区4号楼402室', '小心轻放', 1, 1, NOW(), DATE_SUB(NOW(), INTERVAL 52 DAY), DATE_SUB(NOW(), INTERVAL 52 DAY)),
(40, 'ORD20251200040', 12, 1, 163.97, 17.44, '阳光花园A栋102', '请放在门口', 2, 1, NOW(), DATE_SUB(NOW(), INTERVAL 28 DAY), DATE_SUB(NOW(), INTERVAL 28 DAY)),
(41, 'ORD20251200041', 18, 1, 245.7, 24.6, '阳光花园D栋402', '请尽快配送', 2, 1, NOW(), DATE_SUB(NOW(), INTERVAL 58 DAY), DATE_SUB(NOW(), INTERVAL 58 DAY)),
(42, 'ORD20251200042', 6, 1, 159.89, 14.08, '幸福小区3号楼302室', '放门卫', 2, 1, NOW(), DATE_SUB(NOW(), INTERVAL 47 DAY), DATE_SUB(NOW(), INTERVAL 47 DAY)),
(43, 'ORD20251200043', 10, 1, 221.94, 28.02, '幸福小区5号楼502室', '请送到门口', 2, 1, NOW(), DATE_SUB(NOW(), INTERVAL 46 DAY), DATE_SUB(NOW(), INTERVAL 46 DAY)),
(44, 'ORD20251200044', 3, 1, 63.96, 9.59, '幸福小区2号楼201室', '请尽快配送', 3, 1, NOW(), DATE_SUB(NOW(), INTERVAL 24 DAY), DATE_SUB(NOW(), INTERVAL 24 DAY)),
(45, 'ORD20251200045', 1, 1, 25.56, 2.08, '幸福小区1号楼101室', '放门卫', 2, 1, NOW(), DATE_SUB(NOW(), INTERVAL 44 DAY), DATE_SUB(NOW(), INTERVAL 44 DAY)),
(46, 'ORD20251200046', 3, 1, 405.96, 39.56, '幸福小区2号楼201室', '小心轻放', 2, 1, NOW(), DATE_SUB(NOW(), INTERVAL 60 DAY), DATE_SUB(NOW(), INTERVAL 60 DAY)),
(47, 'ORD20251200047', 4, 1, 120.87, 13.02, '幸福小区2号楼202室', '放门卫', 2, 1, NOW(), DATE_SUB(NOW(), INTERVAL 3 DAY), DATE_SUB(NOW(), INTERVAL 3 DAY)),
(48, 'ORD20251200048', 20, 1, 198.93, 27.45, '阳光花园E栋502', NULL, 2, 1, NOW(), DATE_SUB(NOW(), INTERVAL 49 DAY), DATE_SUB(NOW(), INTERVAL 49 DAY)),
(49, 'ORD20251200049', 19, 1, 227.95, 18.63, '阳光花园E栋501', NULL, 2, 1, NOW(), DATE_SUB(NOW(), INTERVAL 16 DAY), DATE_SUB(NOW(), INTERVAL 16 DAY)),
(50, 'ORD20251200050', 3, 1, 39.96, 6.0, '幸福小区2号楼201室', '快点送', 2, 1, NOW(), DATE_SUB(NOW(), INTERVAL 34 DAY), DATE_SUB(NOW(), INTERVAL 34 DAY)),
(51, 'ORD20251200051', 17, 1, 299.92, 31.3, '阳光花园D栋401', NULL, 2, 1, NOW(), DATE_SUB(NOW(), INTERVAL 4 DAY), DATE_SUB(NOW(), INTERVAL 4 DAY)),
(52, 'ORD20251200052', 2, 1, 66.96, 8.38, '幸福小区1号楼102室', '请送到门口', 2, 1, NOW(), DATE_SUB(NOW(), INTERVAL 59 DAY), DATE_SUB(NOW(), INTERVAL 59 DAY)),
(53, 'ORD20251200053', 10, 1, 106.92, 15.44, '幸福小区5号楼502室', '请尽快配送', 2, 1, NOW(), DATE_SUB(NOW(), INTERVAL 21 DAY), DATE_SUB(NOW(), INTERVAL 21 DAY)),
(54, 'ORD20251200054', 5, 1, 72.93, 10.15, '幸福小区3号楼301室', '快点送', 2, 1, NOW(), DATE_SUB(NOW(), INTERVAL 36 DAY), DATE_SUB(NOW(), INTERVAL 36 DAY)),
(55, 'ORD20251200055', 5, 1, 171.99, 15.16, '幸福小区3号楼301室', '请送到门口', 0, 1, NOW(), DATE_SUB(NOW(), INTERVAL 8 DAY), DATE_SUB(NOW(), INTERVAL 8 DAY)),
(56, 'ORD20251200056', 19, 1, 44.95, 4.5, '阳光花园E栋501', '快点送', 2, 1, NOW(), DATE_SUB(NOW(), INTERVAL 22 DAY), DATE_SUB(NOW(), INTERVAL 22 DAY)),
(57, 'ORD20251200057', 1, 1, 75.0, 6.0, '幸福小区1号楼101室', '快点送', 1, 1, NOW(), DATE_SUB(NOW(), INTERVAL 6 DAY), DATE_SUB(NOW(), INTERVAL 6 DAY)),
(58, 'ORD20251200058', 17, 1, 19.96, 2.0, '阳光花园D栋401', '请放在门口', 2, 1, NOW(), DATE_SUB(NOW(), INTERVAL 50 DAY), DATE_SUB(NOW(), INTERVAL 50 DAY)),
(59, 'ORD20251200059', 18, 1, 168.0, 25.2, '阳光花园D栋402', '小心轻放', 2, 1, NOW(), DATE_SUB(NOW(), INTERVAL 29 DAY), DATE_SUB(NOW(), INTERVAL 29 DAY)),
(60, 'ORD20251200060', 20, 1, 117.99, 9.26, '阳光花园E栋502', '请尽快配送', 1, 1, NOW(), DATE_SUB(NOW(), INTERVAL 7 DAY), DATE_SUB(NOW(), INTERVAL 7 DAY)),
(61, 'ORD20251200061', 7, 1, 15.99, 1.6, '幸福小区4号楼401室', '请放在门口', 2, 1, NOW(), DATE_SUB(NOW(), INTERVAL 28 DAY), DATE_SUB(NOW(), INTERVAL 28 DAY)),
(62, 'ORD20251200062', 20, 1, 10.5, 0.53, '阳光花园E栋502', '请送到门口', 1, 1, NOW(), DATE_SUB(NOW(), INTERVAL 53 DAY), DATE_SUB(NOW(), INTERVAL 53 DAY)),
(63, 'ORD20251200063', 20, 1, 221.97, 20.7, '阳光花园E栋502', '请提前联系', 2, 1, NOW(), DATE_SUB(NOW(), INTERVAL 40 DAY), DATE_SUB(NOW(), INTERVAL 40 DAY)),
(64, 'ORD20251200064', 15, 1, 38.45, 3.85, '阳光花园C栋301', '小心轻放', 2, 1, NOW(), DATE_SUB(NOW(), INTERVAL 44 DAY), DATE_SUB(NOW(), INTERVAL 44 DAY)),
(65, 'ORD20251200065', 1, 1, 34.95, 5.24, '幸福小区1号楼101室', '请送到门口', 2, 1, NOW(), DATE_SUB(NOW(), INTERVAL 47 DAY), DATE_SUB(NOW(), INTERVAL 47 DAY)),
(66, 'ORD20251200066', 17, 1, 264.92, 27.9, '阳光花园D栋401', '快点送', 2, 1, NOW(), DATE_SUB(NOW(), INTERVAL 15 DAY), DATE_SUB(NOW(), INTERVAL 15 DAY)),
(67, 'ORD20251200067', 1, 1, 179.95, 21.59, '幸福小区1号楼101室', NULL, 2, 1, NOW(), DATE_SUB(NOW(), INTERVAL 49 DAY), DATE_SUB(NOW(), INTERVAL 49 DAY)),
(68, 'ORD20251200068', 19, 1, 276.96, 31.96, '阳光花园E栋501', '请放在门口', 2, 1, NOW(), DATE_SUB(NOW(), INTERVAL 46 DAY), DATE_SUB(NOW(), INTERVAL 46 DAY)),
(69, 'ORD20251200069', 3, 1, 128.45, 10.38, '幸福小区2号楼201室', NULL, 2, 1, NOW(), DATE_SUB(NOW(), INTERVAL 52 DAY), DATE_SUB(NOW(), INTERVAL 52 DAY)),
(70, 'ORD20251200070', 12, 1, 42.22, 2.81, '阳光花园A栋102', '请提前联系', 2, 1, NOW(), DATE_SUB(NOW(), INTERVAL 3 DAY), DATE_SUB(NOW(), INTERVAL 3 DAY)),
(71, 'ORD20251200071', 14, 1, 197.94, 25.7, '阳光花园B栋202', '请送到门口', 2, 1, NOW(), DATE_SUB(NOW(), INTERVAL 9 DAY), DATE_SUB(NOW(), INTERVAL 9 DAY)),
(72, 'ORD20251200072', 3, 1, 56.55, 8.25, '幸福小区2号楼201室', '请提前联系', 2, 1, NOW(), DATE_SUB(NOW(), INTERVAL 60 DAY), DATE_SUB(NOW(), INTERVAL 60 DAY)),
(73, 'ORD20251200073', 4, 1, 250.97, 28.32, '幸福小区2号楼202室', '请放在门口', 1, 1, NOW(), DATE_SUB(NOW(), INTERVAL 34 DAY), DATE_SUB(NOW(), INTERVAL 34 DAY)),
(74, 'ORD20251200074', 16, 1, 305.93, 37.67, '阳光花园C栋302', '快点送', 3, 1, NOW(), DATE_SUB(NOW(), INTERVAL 57 DAY), DATE_SUB(NOW(), INTERVAL 57 DAY)),
(75, 'ORD20251200075', 2, 1, 112.91, 13.24, '幸福小区1号楼102室', '小心轻放', 2, 1, NOW(), DATE_SUB(NOW(), INTERVAL 37 DAY), DATE_SUB(NOW(), INTERVAL 37 DAY)),
(76, 'ORD20251200076', 10, 1, 121.97, 15.76, '幸福小区5号楼502室', '请送到门口', 2, 1, NOW(), DATE_SUB(NOW(), INTERVAL 13 DAY), DATE_SUB(NOW(), INTERVAL 13 DAY)),
(77, 'ORD20251200077', 4, 1, 203.96, 22.08, '幸福小区2号楼202室', '小心轻放', 2, 1, NOW(), DATE_SUB(NOW(), INTERVAL 45 DAY), DATE_SUB(NOW(), INTERVAL 45 DAY)),
(78, 'ORD20251200078', 5, 1, 227.5, 27.12, '幸福小区3号楼301室', '请提前联系', 0, 1, NOW(), DATE_SUB(NOW(), INTERVAL 45 DAY), DATE_SUB(NOW(), INTERVAL 45 DAY)),
(79, 'ORD20251200079', 14, 1, 144.89, 20.33, '阳光花园B栋202', '请送到门口', 3, 1, NOW(), DATE_SUB(NOW(), INTERVAL 33 DAY), DATE_SUB(NOW(), INTERVAL 33 DAY)),
(80, 'ORD20251200080', 7, 1, 20.97, 3.15, '幸福小区4号楼401室', '请提前联系', 2, 1, NOW(), DATE_SUB(NOW(), INTERVAL 12 DAY), DATE_SUB(NOW(), INTERVAL 12 DAY)),
(81, 'ORD20251200081', 17, 1, 38.48, 2.83, '阳光花园D栋401', '小心轻放', 3, 1, NOW(), DATE_SUB(NOW(), INTERVAL 28 DAY), DATE_SUB(NOW(), INTERVAL 28 DAY)),
(82, 'ORD20251200082', 7, 1, 15.0, 1.2, '幸福小区4号楼401室', '请放在门口', 2, 1, NOW(), DATE_SUB(NOW(), INTERVAL 48 DAY), DATE_SUB(NOW(), INTERVAL 48 DAY)),
(83, 'ORD20251200083', 20, 1, 134.89, 13.38, '阳光花园E栋502', '请提前联系', 0, 1, NOW(), DATE_SUB(NOW(), INTERVAL 16 DAY), DATE_SUB(NOW(), INTERVAL 16 DAY)),
(84, 'ORD20251200084', 20, 1, 303.94, 38.39, '阳光花园E栋502', '请送到门口', 2, 1, NOW(), DATE_SUB(NOW(), INTERVAL 7 DAY), DATE_SUB(NOW(), INTERVAL 7 DAY)),
(85, 'ORD20251200085', 12, 1, 100.95, 12.57, '阳光花园A栋102', '放门卫', 2, 1, NOW(), DATE_SUB(NOW(), INTERVAL 43 DAY), DATE_SUB(NOW(), INTERVAL 43 DAY)),
(86, 'ORD20251200086', 10, 1, 283.31, 33.22, '幸福小区5号楼502室', '请尽快配送', 2, 1, NOW(), DATE_SUB(NOW(), INTERVAL 18 DAY), DATE_SUB(NOW(), INTERVAL 18 DAY)),
(87, 'ORD20251200087', 18, 1, 17.5, 0.88, '阳光花园D栋402', NULL, 2, 1, NOW(), DATE_SUB(NOW(), INTERVAL 35 DAY), DATE_SUB(NOW(), INTERVAL 35 DAY)),
(88, 'ORD20251200088', 9, 1, 115.92, 13.1, '幸福小区5号楼501室', '请送到门口', 0, 1, NOW(), DATE_SUB(NOW(), INTERVAL 21 DAY), DATE_SUB(NOW(), INTERVAL 21 DAY)),
(89, 'ORD20251200089', 15, 1, 199.44, 16.79, '阳光花园C栋301', '快点送', 2, 1, NOW(), DATE_SUB(NOW(), INTERVAL 59 DAY), DATE_SUB(NOW(), INTERVAL 59 DAY)),
(90, 'ORD20251200090', 1, 1, 16.95, 1.7, '幸福小区1号楼101室', '请送到门口', 2, 1, NOW(), DATE_SUB(NOW(), INTERVAL 7 DAY), DATE_SUB(NOW(), INTERVAL 7 DAY)),
(91, 'ORD20251200091', 4, 1, 122.97, 13.8, '幸福小区2号楼202室', '请放在门口', 2, 1, NOW(), DATE_SUB(NOW(), INTERVAL 14 DAY), DATE_SUB(NOW(), INTERVAL 14 DAY)),
(92, 'ORD20251200092', 4, 1, 121.97, 14.4, '幸福小区2号楼202室', '快点送', 2, 1, NOW(), DATE_SUB(NOW(), INTERVAL 34 DAY), DATE_SUB(NOW(), INTERVAL 34 DAY)),
(93, 'ORD20251200093', 9, 1, 37.48, 5.28, '幸福小区5号楼501室', '请送到门口', 1, 1, NOW(), DATE_SUB(NOW(), INTERVAL 58 DAY), DATE_SUB(NOW(), INTERVAL 58 DAY)),
(94, 'ORD20251200094', 14, 1, 68.47, 6.12, '阳光花园B栋202', '请尽快配送', 2, 1, NOW(), DATE_SUB(NOW(), INTERVAL 56 DAY), DATE_SUB(NOW(), INTERVAL 56 DAY)),
(95, 'ORD20251200095', 16, 1, 297.0, 42.39, '阳光花园C栋302', '请提前联系', 2, 1, NOW(), DATE_SUB(NOW(), INTERVAL 44 DAY), DATE_SUB(NOW(), INTERVAL 44 DAY)),
(96, 'ORD20251200096', 3, 1, 17.5, 0.88, '幸福小区2号楼201室', '快点送', 1, 1, NOW(), DATE_SUB(NOW(), INTERVAL 30 DAY), DATE_SUB(NOW(), INTERVAL 30 DAY)),
(97, 'ORD20251200097', 2, 1, 105.9, 9.84, '幸福小区1号楼102室', '请送到门口', 2, 1, NOW(), DATE_SUB(NOW(), INTERVAL 14 DAY), DATE_SUB(NOW(), INTERVAL 14 DAY)),
(98, 'ORD20251200098', 12, 1, 184.2, 14.52, '阳光花园A栋102', '快点送', 2, 1, NOW(), DATE_SUB(NOW(), INTERVAL 15 DAY), DATE_SUB(NOW(), INTERVAL 15 DAY)),
(99, 'ORD20251200099', 7, 1, 113.24, 13.46, '幸福小区4号楼401室', '小心轻放', 2, 1, NOW(), DATE_SUB(NOW(), INTERVAL 10 DAY), DATE_SUB(NOW(), INTERVAL 10 DAY)),
(100, 'ORD20251200100', 7, 1, 44.87, 4.85, '幸福小区4号楼401室', '请尽快配送', 2, 1, NOW(), DATE_SUB(NOW(), INTERVAL 30 DAY), DATE_SUB(NOW(), INTERVAL 30 DAY)),
(101, 'ORD20251200101', 17, 1, 199.75, 16.38, '阳光花园D栋401', NULL, 2, 1, NOW(), DATE_SUB(NOW(), INTERVAL 5 DAY), DATE_SUB(NOW(), INTERVAL 5 DAY)),
(102, 'ORD20251200102', 1, 1, 29.95, 1.5, '幸福小区1号楼101室', '放门卫', 2, 1, NOW(), DATE_SUB(NOW(), INTERVAL 39 DAY), DATE_SUB(NOW(), INTERVAL 39 DAY)),
(103, 'ORD20251200103', 6, 1, 45.98, 5.6, '幸福小区3号楼302室', '放门卫', 2, 1, NOW(), DATE_SUB(NOW(), INTERVAL 10 DAY), DATE_SUB(NOW(), INTERVAL 10 DAY)),
(104, 'ORD20251200104', 1, 1, 148.14, 14.6, '幸福小区1号楼101室', '快点送', 2, 1, NOW(), DATE_SUB(NOW(), INTERVAL 56 DAY), DATE_SUB(NOW(), INTERVAL 56 DAY)),
(105, 'ORD20251200105', 1, 1, 5.99, 0.3, '幸福小区1号楼101室', NULL, 3, 1, NOW(), DATE_SUB(NOW(), INTERVAL 51 DAY), DATE_SUB(NOW(), INTERVAL 51 DAY)),
(106, 'ORD20251200106', 5, 1, 135.94, 11.16, '幸福小区3号楼301室', '请送到门口', 2, 1, NOW(), DATE_SUB(NOW(), INTERVAL 59 DAY), DATE_SUB(NOW(), INTERVAL 59 DAY)),
(107, 'ORD20251200107', 11, 1, 217.89, 25.0, '阳光花园A栋101', '放门卫', 2, 1, NOW(), DATE_SUB(NOW(), INTERVAL 59 DAY), DATE_SUB(NOW(), INTERVAL 59 DAY)),
(108, 'ORD20251200108', 1, 1, 292.95, 28.89, '幸福小区1号楼101室', '请尽快配送', 2, 1, NOW(), DATE_SUB(NOW(), INTERVAL 4 DAY), DATE_SUB(NOW(), INTERVAL 4 DAY)),
(109, 'ORD20251200109', 3, 1, 57.92, 5.7, '幸福小区2号楼201室', '快点送', 2, 1, NOW(), DATE_SUB(NOW(), INTERVAL 32 DAY), DATE_SUB(NOW(), INTERVAL 32 DAY)),
(110, 'ORD20251200110', 7, 1, 168.9, 14.37, '幸福小区4号楼401室', '请提前联系', 2, 1, NOW(), DATE_SUB(NOW(), INTERVAL 22 DAY), DATE_SUB(NOW(), INTERVAL 22 DAY)),
(111, 'ORD20251200111', 5, 1, 173.91, 19.75, '幸福小区3号楼301室', '请提前联系', 2, 1, NOW(), DATE_SUB(NOW(), INTERVAL 41 DAY), DATE_SUB(NOW(), INTERVAL 41 DAY)),
(112, 'ORD20251200112', 6, 1, 178.99, 17.2, '幸福小区3号楼302室', '请提前联系', 2, 1, NOW(), DATE_SUB(NOW(), INTERVAL 7 DAY), DATE_SUB(NOW(), INTERVAL 7 DAY)),
(113, 'ORD20251200113', 14, 1, 32.91, 2.9, '阳光花园B栋202', NULL, 0, 1, NOW(), DATE_SUB(NOW(), INTERVAL 40 DAY), DATE_SUB(NOW(), INTERVAL 40 DAY)),
(114, 'ORD20251200114', 1, 1, 48.99, 7.15, '幸福小区1号楼101室', '请尽快配送', 2, 1, NOW(), DATE_SUB(NOW(), INTERVAL 57 DAY), DATE_SUB(NOW(), INTERVAL 57 DAY)),
(115, 'ORD20251200115', 4, 1, 5.99, 0.3, '幸福小区2号楼202室', '请尽快配送', 3, 1, NOW(), DATE_SUB(NOW(), INTERVAL 3 DAY), DATE_SUB(NOW(), INTERVAL 3 DAY)),
(116, 'ORD20251200116', 12, 1, 17.98, 0.9, '阳光花园A栋102', '请放在门口', 1, 1, NOW(), DATE_SUB(NOW(), INTERVAL 54 DAY), DATE_SUB(NOW(), INTERVAL 54 DAY)),
(117, 'ORD20251200117', 16, 1, 22.95, 2.29, '阳光花园C栋302', '小心轻放', 0, 1, NOW(), DATE_SUB(NOW(), INTERVAL 60 DAY), DATE_SUB(NOW(), INTERVAL 60 DAY)),
(118, 'ORD20251200118', 8, 1, 377.48, 47.35, '幸福小区4号楼402室', '快点送', 3, 1, NOW(), DATE_SUB(NOW(), INTERVAL 26 DAY), DATE_SUB(NOW(), INTERVAL 26 DAY)),
(119, 'ORD20251200119', 8, 1, 8.99, 1.35, '幸福小区4号楼402室', '快点送', 2, 1, NOW(), DATE_SUB(NOW(), INTERVAL 25 DAY), DATE_SUB(NOW(), INTERVAL 25 DAY)),
(120, 'ORD20251200120', 15, 1, 258.95, 23.1, '阳光花园C栋301', NULL, 1, 1, NOW(), DATE_SUB(NOW(), INTERVAL 3 DAY), DATE_SUB(NOW(), INTERVAL 3 DAY)),
(121, 'ORD20251200121', 4, 1, 264.95, 23.45, '幸福小区2号楼202室', '快点送', 2, 1, NOW(), DATE_SUB(NOW(), INTERVAL 16 DAY), DATE_SUB(NOW(), INTERVAL 16 DAY)),
(122, 'ORD20251200122', 6, 1, 313.0, 24.5, '幸福小区3号楼302室', '小心轻放', 2, 1, NOW(), DATE_SUB(NOW(), INTERVAL 14 DAY), DATE_SUB(NOW(), INTERVAL 14 DAY)),
(123, 'ORD20251200123', 1, 1, 79.46, 9.24, '幸福小区1号楼101室', '请尽快配送', 3, 1, NOW(), DATE_SUB(NOW(), INTERVAL 31 DAY), DATE_SUB(NOW(), INTERVAL 31 DAY)),
(124, 'ORD20251200124', 1, 1, 27.45, 2.38, '幸福小区1号楼101室', NULL, 1, 1, NOW(), DATE_SUB(NOW(), INTERVAL 53 DAY), DATE_SUB(NOW(), INTERVAL 53 DAY)),
(125, 'ORD20251200125', 18, 1, 186.92, 28.04, '阳光花园D栋402', '小心轻放', 2, 1, NOW(), DATE_SUB(NOW(), INTERVAL 12 DAY), DATE_SUB(NOW(), INTERVAL 12 DAY)),
(126, 'ORD20251200126', 16, 1, 78.57, 9.93, '阳光花园C栋302', '小心轻放', 2, 1, NOW(), DATE_SUB(NOW(), INTERVAL 9 DAY), DATE_SUB(NOW(), INTERVAL 9 DAY)),
(127, 'ORD20251200127', 9, 1, 242.37, 21.5, '幸福小区5号楼501室', '请放在门口', 2, 1, NOW(), DATE_SUB(NOW(), INTERVAL 30 DAY), DATE_SUB(NOW(), INTERVAL 30 DAY)),
(128, 'ORD20251200128', 2, 1, 360.12, 40.18, '幸福小区1号楼102室', '请尽快配送', 2, 1, NOW(), DATE_SUB(NOW(), INTERVAL 41 DAY), DATE_SUB(NOW(), INTERVAL 41 DAY)),
(129, 'ORD20251200129', 11, 1, 207.16, 27.18, '阳光花园A栋101', '放门卫', 2, 1, NOW(), DATE_SUB(NOW(), INTERVAL 58 DAY), DATE_SUB(NOW(), INTERVAL 58 DAY)),
(130, 'ORD20251200130', 12, 1, 255.9, 33.28, '阳光花园A栋102', '快点送', 2, 1, NOW(), DATE_SUB(NOW(), INTERVAL 25 DAY), DATE_SUB(NOW(), INTERVAL 25 DAY)),
(131, 'ORD20251200131', 13, 1, 153.13, 13.24, '阳光花园B栋201', '放门卫', 2, 1, NOW(), DATE_SUB(NOW(), INTERVAL 3 DAY), DATE_SUB(NOW(), INTERVAL 3 DAY)),
(132, 'ORD20251200132', 20, 1, 181.91, 18.2, '阳光花园E栋502', '请提前联系', 1, 1, NOW(), DATE_SUB(NOW(), INTERVAL 13 DAY), DATE_SUB(NOW(), INTERVAL 13 DAY)),
(133, 'ORD20251200133', 10, 1, 36.33, 2.74, '幸福小区5号楼502室', '快点送', 2, 1, NOW(), DATE_SUB(NOW(), INTERVAL 21 DAY), DATE_SUB(NOW(), INTERVAL 21 DAY)),
(134, 'ORD20251200134', 1, 1, 191.0, 22.92, '幸福小区1号楼101室', '请送到门口', 1, 1, NOW(), DATE_SUB(NOW(), INTERVAL 1 DAY), DATE_SUB(NOW(), INTERVAL 1 DAY)),
(135, 'ORD20251200135', 7, 1, 152.0, 12.16, '幸福小区4号楼401室', '快点送', 2, 1, NOW(), DATE_SUB(NOW(), INTERVAL 25 DAY), DATE_SUB(NOW(), INTERVAL 25 DAY)),
(136, 'ORD20251200136', 11, 1, 549.4, 58.49, '阳光花园A栋101', '小心轻放', 2, 1, NOW(), DATE_SUB(NOW(), INTERVAL 33 DAY), DATE_SUB(NOW(), INTERVAL 33 DAY)),
(137, 'ORD20251200137', 2, 1, 147.51, 18.63, '幸福小区1号楼102室', NULL, 3, 1, NOW(), DATE_SUB(NOW(), INTERVAL 49 DAY), DATE_SUB(NOW(), INTERVAL 49 DAY)),
(138, 'ORD20251200138', 8, 1, 441.95, 55.84, '幸福小区4号楼402室', '放门卫', 2, 1, NOW(), DATE_SUB(NOW(), INTERVAL 41 DAY), DATE_SUB(NOW(), INTERVAL 41 DAY)),
(139, 'ORD20251200139', 1, 1, 169.89, 21.29, '幸福小区1号楼101室', '请放在门口', 1, 1, NOW(), DATE_SUB(NOW(), INTERVAL 46 DAY), DATE_SUB(NOW(), INTERVAL 46 DAY)),
(140, 'ORD20251200140', 1, 1, 568.95, 48.66, '幸福小区1号楼101室', '请放在门口', 2, 1, NOW(), DATE_SUB(NOW(), INTERVAL 58 DAY), DATE_SUB(NOW(), INTERVAL 58 DAY)),
(141, 'ORD20251200141', 1, 1, 209.94, 17.7, '幸福小区1号楼101室', '小心轻放', 1, 1, NOW(), DATE_SUB(NOW(), INTERVAL 4 DAY), DATE_SUB(NOW(), INTERVAL 4 DAY)),
(142, 'ORD20251200142', 3, 1, 229.92, 29.16, '幸福小区2号楼201室', '请送到门口', 1, 1, NOW(), DATE_SUB(NOW(), INTERVAL 12 DAY), DATE_SUB(NOW(), INTERVAL 12 DAY)),
(143, 'ORD20251200143', 11, 1, 82.44, 8.33, '阳光花园A栋101', NULL, 2, 1, NOW(), DATE_SUB(NOW(), INTERVAL 15 DAY), DATE_SUB(NOW(), INTERVAL 15 DAY)),
(144, 'ORD20251200144', 6, 1, 17.5, 0.88, '幸福小区3号楼302室', '快点送', 1, 1, NOW(), DATE_SUB(NOW(), INTERVAL 29 DAY), DATE_SUB(NOW(), INTERVAL 29 DAY)),
(145, 'ORD20251200145', 7, 1, 36.8, 5.34, '幸福小区4号楼401室', '请提前联系', 3, 1, NOW(), DATE_SUB(NOW(), INTERVAL 8 DAY), DATE_SUB(NOW(), INTERVAL 8 DAY)),
(146, 'ORD20251200146', 8, 1, 161.9, 13.72, '幸福小区4号楼402室', NULL, 2, 1, NOW(), DATE_SUB(NOW(), INTERVAL 2 DAY), DATE_SUB(NOW(), INTERVAL 2 DAY)),
(147, 'ORD20251200147', 6, 1, 277.93, 24.1, '幸福小区3号楼302室', '请放在门口', 2, 1, NOW(), DATE_SUB(NOW(), INTERVAL 15 DAY), DATE_SUB(NOW(), INTERVAL 15 DAY)),
(148, 'ORD20251200148', 12, 1, 45.0, 3.6, '阳光花园A栋102', NULL, 2, 1, NOW(), DATE_SUB(NOW(), INTERVAL 15 DAY), DATE_SUB(NOW(), INTERVAL 15 DAY)),
(149, 'ORD20251200149', 5, 1, 69.56, 7.74, '幸福小区3号楼301室', '请提前联系', 2, 1, NOW(), DATE_SUB(NOW(), INTERVAL 17 DAY), DATE_SUB(NOW(), INTERVAL 17 DAY)),
(150, 'ORD20251200150', 8, 1, 323.42, 38.12, '幸福小区4号楼402室', '小心轻放', 0, 1, NOW(), DATE_SUB(NOW(), INTERVAL 42 DAY), DATE_SUB(NOW(), INTERVAL 42 DAY)),
(151, 'ORD20251200151', 20, 1, 79.92, 8.2, '阳光花园E栋502', '请放在门口', 1, 1, NOW(), DATE_SUB(NOW(), INTERVAL 33 DAY), DATE_SUB(NOW(), INTERVAL 33 DAY)),
(152, 'ORD20251200152', 2, 1, 291.91, 39.94, '幸福小区1号楼102室', NULL, 2, 1, NOW(), DATE_SUB(NOW(), INTERVAL 6 DAY), DATE_SUB(NOW(), INTERVAL 6 DAY)),
(153, 'ORD20251200153', 1, 1, 104.43, 11.51, '幸福小区1号楼101室', '请送到门口', 1, 1, NOW(), DATE_SUB(NOW(), INTERVAL 21 DAY), DATE_SUB(NOW(), INTERVAL 21 DAY)),
(154, 'ORD20251200154', 14, 1, 161.88, 22.23, '阳光花园B栋202', '小心轻放', 2, 1, NOW(), DATE_SUB(NOW(), INTERVAL 40 DAY), DATE_SUB(NOW(), INTERVAL 40 DAY)),
(155, 'ORD20251200155', 8, 1, 222.95, 29.75, '幸福小区4号楼402室', NULL, 3, 1, NOW(), DATE_SUB(NOW(), INTERVAL 28 DAY), DATE_SUB(NOW(), INTERVAL 28 DAY)),
(156, 'ORD20251200156', 7, 1, 82.89, 8.95, '幸福小区4号楼401室', '请提前联系', 2, 1, NOW(), DATE_SUB(NOW(), INTERVAL 43 DAY), DATE_SUB(NOW(), INTERVAL 43 DAY)),
(157, 'ORD20251200157', 20, 1, 54.0, 4.32, '阳光花园E栋502', '请放在门口', 1, 1, NOW(), DATE_SUB(NOW(), INTERVAL 55 DAY), DATE_SUB(NOW(), INTERVAL 55 DAY)),
(158, 'ORD20251200158', 14, 1, 227.51, 24.75, '阳光花园B栋202', '请送到门口', 2, 1, NOW(), DATE_SUB(NOW(), INTERVAL 10 DAY), DATE_SUB(NOW(), INTERVAL 10 DAY)),
(159, 'ORD20251200159', 6, 1, 140.0, 13.44, '幸福小区3号楼302室', '请放在门口', 2, 1, NOW(), DATE_SUB(NOW(), INTERVAL 43 DAY), DATE_SUB(NOW(), INTERVAL 43 DAY)),
(160, 'ORD20251200160', 1, 1, 340.98, 40.54, '幸福小区1号楼101室', '快点送', 2, 1, NOW(), DATE_SUB(NOW(), INTERVAL 14 DAY), DATE_SUB(NOW(), INTERVAL 14 DAY));

-- ----------------------------
-- Generated Order Items (494 items)
-- ----------------------------
INSERT INTO `order_items` (`id`, `order_id`, `product_id`, `product_name`, `quantity`, `price`, `subtotal`) VALUES
(1, 1, 44, '鸭蛋', 3, 6.99, 20.97),
(2, 1, 10, '西瓜', 5, 2.99, 14.95),
(3, 2, 29, '芹菜', 3, 3.2, 9.6),
(4, 2, 64, '蛋糕', 3, 42.0, 126.0),
(5, 2, 12, '梨子', 2, 4.99, 9.98),
(6, 2, 41, '鸭肉', 4, 14.99, 59.96),
(7, 3, 8, '葡萄', 2, 8.99, 17.98),
(8, 3, 26, '土豆', 2, 2.3, 4.6),
(9, 3, 20, '西兰花', 2, 5.99, 11.98),
(10, 3, 39, '牛肉', 1, 45.0, 45.0),
(11, 3, 62, '黄油', 1, 38.0, 38.0),
(12, 4, 56, '纯牛奶 (盒装)', 3, 45.0, 135.0),
(13, 4, 34, '肉末', 5, 15.99, 79.95),
(14, 4, 48, '冷冻虾仁', 1, 45.0, 45.0),
(15, 5, 12, '梨子', 4, 4.99, 19.96),
(16, 5, 20, '西兰花', 5, 5.99, 29.95),
(17, 5, 65, '饼干', 3, 18.0, 54.0),
(18, 5, 40, '羊肉', 2, 42.0, 84.0),
(19, 5, 59, '豆奶', 1, 25.0, 25.0),
(20, 6, 21, '花菜', 3, 4.5, 13.5),
(21, 6, 7, '猕猴桃', 4, 6.99, 27.96),
(22, 7, 15, '樱桃', 4, 25.99, 103.96),
(23, 7, 35, '鸡胸肉', 5, 12.99, 64.95),
(24, 7, 24, '黄瓜', 5, 2.99, 14.95),
(25, 7, 50, '螃蟹', 2, 48.0, 96.0),
(26, 8, 32, '猪肋排', 4, 28.99, 115.96),
(27, 8, 45, '鹌鹑蛋', 2, 8.99, 17.98),
(28, 9, 7, '猕猴桃', 1, 6.99, 6.99),
(29, 10, 42, '猪蹄', 4, 22.0, 88.0),
(30, 10, 39, '牛肉', 2, 45.0, 90.0),
(31, 10, 11, '芒果', 2, 7.99, 15.98),
(32, 10, 29, '芹菜', 1, 3.2, 3.2),
(33, 10, 27, '洋葱', 5, 2.8, 14.0),
(34, 11, 20, '西兰花', 2, 5.99, 11.98),
(35, 11, 19, '卷心菜', 5, 1.99, 9.95),
(36, 11, 2, '金帅苹果', 2, 4.99, 9.98),
(37, 11, 16, '新鲜上海青', 2, 2.99, 5.98),
(38, 12, 7, '猕猴桃', 1, 6.99, 6.99),
(39, 12, 56, '纯牛奶 (盒装)', 1, 45.0, 45.0),
(40, 12, 52, '带鱼', 4, 18.0, 72.0),
(41, 13, 46, '鲜活大虾', 4, 35.99, 143.96),
(42, 13, 53, '鱿鱼', 4, 26.0, 104.0),
(43, 13, 30, '白菜', 5, 1.8, 9.0),
(44, 13, 45, '鹌鹑蛋', 1, 8.99, 8.99),
(45, 14, 56, '纯牛奶 (盒装)', 3, 45.0, 135.0),
(46, 14, 51, '鲈鱼', 1, 22.0, 22.0),
(47, 14, 28, '青椒', 5, 3.5, 17.5),
(48, 14, 29, '芹菜', 3, 3.2, 9.6),
(49, 14, 61, '奶酪', 5, 52.0, 260.0),
(50, 15, 30, '白菜', 5, 1.8, 9.0),
(51, 16, 3, '嘎啦苹果', 3, 3.99, 11.97),
(52, 16, 18, '生菜', 3, 2.5, 7.5),
(53, 16, 27, '洋葱', 5, 2.8, 14.0),
(54, 16, 48, '冷冻虾仁', 2, 45.0, 90.0),
(55, 17, 38, '整鸡', 5, 35.0, 175.0),
(56, 17, 58, '酸奶', 1, 35.0, 35.0),
(57, 17, 45, '鹌鹑蛋', 3, 8.99, 26.97),
(58, 17, 25, '胡萝卜', 5, 2.5, 12.5),
(59, 17, 11, '芒果', 1, 7.99, 7.99),
(60, 18, 30, '白菜', 1, 1.8, 1.8),
(61, 18, 29, '芹菜', 3, 3.2, 9.6),
(62, 18, 59, '豆奶', 1, 25.0, 25.0),
(63, 19, 63, '面包', 3, 15.0, 45.0),
(64, 19, 33, '纯瘦肉', 2, 19.99, 39.98),
(65, 19, 58, '酸奶', 2, 35.0, 70.0),
(66, 19, 54, '扇贝', 4, 32.0, 128.0),
(67, 19, 43, '鸡蛋', 4, 5.99, 23.96),
(68, 20, 47, '海白虾', 1, 29.99, 29.99),
(69, 20, 58, '酸奶', 2, 35.0, 70.0),
(70, 20, 46, '鲜活大虾', 2, 35.99, 71.98),
(71, 21, 48, '冷冻虾仁', 3, 45.0, 135.0),
(72, 21, 35, '鸡胸肉', 5, 12.99, 64.95),
(73, 22, 39, '牛肉', 2, 45.0, 90.0),
(74, 23, 31, '精选五花肉', 5, 18.99, 94.95),
(75, 24, 41, '鸭肉', 3, 14.99, 44.97),
(76, 24, 10, '西瓜', 3, 2.99, 8.97),
(77, 25, 20, '西兰花', 4, 5.99, 23.96),
(78, 25, 19, '卷心菜', 1, 1.99, 1.99),
(79, 25, 10, '西瓜', 1, 2.99, 2.99),
(80, 25, 26, '土豆', 1, 2.3, 2.3),
(81, 25, 35, '鸡胸肉', 5, 12.99, 64.95),
(82, 26, 4, '青苹果', 4, 4.59, 18.36),
(83, 26, 60, '酸奶饮品', 4, 28.0, 112.0),
(84, 26, 47, '海白虾', 1, 29.99, 29.99),
(85, 26, 31, '精选五花肉', 1, 18.99, 18.99),
(86, 27, 35, '鸡胸肉', 3, 12.99, 38.97),
(87, 27, 47, '海白虾', 4, 29.99, 119.96),
(88, 27, 9, '草莓', 3, 12.99, 38.97),
(89, 27, 7, '猕猴桃', 5, 6.99, 34.95),
(90, 27, 61, '奶酪', 4, 52.0, 208.0),
(91, 28, 42, '猪蹄', 3, 22.0, 66.0),
(92, 28, 35, '鸡胸肉', 2, 12.99, 25.98),
(93, 28, 60, '酸奶饮品', 4, 28.0, 112.0),
(94, 28, 6, '橙子', 5, 4.5, 22.5),
(95, 28, 49, '小龙虾', 2, 25.0, 50.0),
(96, 29, 18, '生菜', 2, 2.5, 5.0),
(97, 29, 4, '青苹果', 1, 4.59, 4.59),
(98, 30, 62, '黄油', 3, 38.0, 114.0),
(99, 30, 65, '饼干', 2, 18.0, 36.0),
(100, 30, 51, '鲈鱼', 5, 22.0, 110.0);

INSERT INTO `order_items` (`id`, `order_id`, `product_id`, `product_name`, `quantity`, `price`, `subtotal`) VALUES
(101, 30, 49, '小龙虾', 4, 25.0, 100.0),
(102, 30, 59, '豆奶', 5, 25.0, 125.0),
(103, 31, 39, '牛肉', 1, 45.0, 45.0),
(104, 32, 44, '鸭蛋', 2, 6.99, 13.98),
(105, 32, 58, '酸奶', 2, 35.0, 70.0),
(106, 32, 63, '面包', 3, 15.0, 45.0),
(107, 33, 25, '胡萝卜', 1, 2.5, 2.5),
(108, 33, 29, '芹菜', 4, 3.2, 12.8),
(109, 33, 33, '纯瘦肉', 2, 19.99, 39.98),
(110, 33, 57, '低脂牛奶', 1, 48.0, 48.0),
(111, 34, 27, '洋葱', 5, 2.8, 14.0),
(112, 34, 61, '奶酪', 3, 52.0, 156.0),
(113, 34, 42, '猪蹄', 4, 22.0, 88.0),
(114, 34, 46, '鲜活大虾', 5, 35.99, 179.95),
(115, 34, 57, '低脂牛奶', 2, 48.0, 96.0),
(116, 35, 24, '黄瓜', 2, 2.99, 5.98),
(117, 35, 52, '带鱼', 2, 18.0, 36.0),
(118, 35, 25, '胡萝卜', 5, 2.5, 12.5),
(119, 35, 31, '精选五花肉', 2, 18.99, 37.98),
(120, 35, 45, '鹌鹑蛋', 5, 8.99, 44.95),
(121, 36, 17, '菠菜', 5, 3.5, 17.5),
(122, 36, 22, '茄子', 1, 3.99, 3.99),
(123, 37, 41, '鸭肉', 3, 14.99, 44.97),
(124, 37, 20, '西兰花', 5, 5.99, 29.95),
(125, 38, 18, '生菜', 3, 2.5, 7.5),
(126, 39, 2, '金帅苹果', 5, 4.99, 24.95),
(127, 39, 13, '柚子', 3, 3.99, 11.97),
(128, 39, 52, '带鱼', 4, 18.0, 72.0),
(129, 39, 55, '生蚝', 1, 28.0, 28.0),
(130, 39, 54, '扇贝', 4, 32.0, 128.0),
(131, 40, 46, '鲜活大虾', 3, 35.99, 107.97),
(132, 40, 60, '酸奶饮品', 2, 28.0, 56.0),
(133, 41, 57, '低脂牛奶', 3, 48.0, 144.0),
(134, 41, 22, '茄子', 5, 3.99, 19.95),
(135, 41, 30, '白菜', 1, 1.8, 1.8),
(136, 41, 34, '肉末', 5, 15.99, 79.95),
(137, 42, 52, '带鱼', 2, 18.0, 36.0),
(138, 42, 13, '柚子', 4, 3.99, 15.96),
(139, 42, 3, '嘎啦苹果', 3, 3.99, 11.97),
(140, 42, 20, '西兰花', 4, 5.99, 23.96),
(141, 42, 65, '饼干', 4, 18.0, 72.0),
(142, 43, 49, '小龙虾', 3, 25.0, 75.0),
(143, 43, 55, '生蚝', 3, 28.0, 84.0),
(144, 43, 36, '鸡腿', 4, 13.99, 55.96),
(145, 43, 3, '嘎啦苹果', 1, 3.99, 3.99),
(146, 43, 24, '黄瓜', 1, 2.99, 2.99),
(147, 44, 34, '肉末', 4, 15.99, 63.96),
(148, 45, 29, '芹菜', 3, 3.2, 9.6),
(149, 45, 13, '柚子', 4, 3.99, 15.96),
(150, 46, 15, '樱桃', 4, 25.99, 103.96),
(151, 46, 49, '小龙虾', 5, 25.0, 125.0),
(152, 46, 59, '豆奶', 1, 25.0, 25.0),
(153, 46, 62, '黄油', 4, 38.0, 152.0),
(154, 47, 6, '橙子', 5, 4.5, 22.5),
(155, 47, 46, '鲜活大虾', 2, 35.99, 71.98),
(156, 47, 14, '荔枝', 1, 15.99, 15.99),
(157, 47, 28, '青椒', 1, 3.5, 3.5),
(158, 47, 26, '土豆', 3, 2.3, 6.9),
(159, 48, 14, '荔枝', 2, 15.99, 31.98),
(160, 48, 34, '肉末', 1, 15.99, 15.99),
(161, 48, 13, '柚子', 4, 3.99, 15.96),
(162, 48, 39, '牛肉', 3, 45.0, 135.0),
(163, 49, 59, '豆奶', 5, 25.0, 125.0),
(164, 49, 18, '生菜', 2, 2.5, 5.0),
(165, 49, 8, '葡萄', 4, 8.99, 35.96),
(166, 49, 20, '西兰花', 1, 5.99, 5.99),
(167, 49, 60, '酸奶饮品', 2, 28.0, 56.0),
(168, 50, 44, '鸭蛋', 3, 6.99, 20.97),
(169, 50, 31, '精选五花肉', 1, 18.99, 18.99),
(170, 51, 1, '红富士苹果', 5, 5.99, 29.95),
(171, 51, 12, '梨子', 3, 4.99, 14.97),
(172, 51, 54, '扇贝', 5, 32.0, 160.0),
(173, 51, 56, '纯牛奶 (盒装)', 1, 45.0, 45.0),
(174, 51, 59, '豆奶', 2, 25.0, 50.0),
(175, 52, 54, '扇贝', 1, 32.0, 32.0),
(176, 52, 23, '西红柿', 2, 3.5, 7.0),
(177, 52, 44, '鸭蛋', 4, 6.99, 27.96),
(178, 53, 31, '精选五花肉', 5, 18.99, 94.95),
(179, 53, 13, '柚子', 3, 3.99, 11.97),
(180, 54, 31, '精选五花肉', 3, 18.99, 56.97),
(181, 54, 3, '嘎啦苹果', 4, 3.99, 15.96),
(182, 55, 33, '纯瘦肉', 1, 19.99, 19.99),
(183, 55, 62, '黄油', 4, 38.0, 152.0),
(184, 56, 8, '葡萄', 5, 8.99, 44.95),
(185, 57, 63, '面包', 5, 15.0, 75.0),
(186, 58, 12, '梨子', 4, 4.99, 19.96),
(187, 59, 40, '羊肉', 4, 42.0, 168.0),
(188, 60, 20, '西兰花', 1, 5.99, 5.99),
(189, 60, 60, '酸奶饮品', 4, 28.0, 112.0),
(190, 61, 7, '猕猴桃', 1, 6.99, 6.99),
(191, 61, 6, '橙子', 2, 4.5, 9.0),
(192, 62, 17, '菠菜', 3, 3.5, 10.5),
(193, 63, 63, '面包', 3, 15.0, 45.0),
(194, 63, 36, '鸡腿', 3, 13.99, 41.97),
(195, 63, 56, '纯牛奶 (盒装)', 3, 45.0, 135.0),
(196, 64, 12, '梨子', 5, 4.99, 24.95),
(197, 64, 6, '橙子', 3, 4.5, 13.5),
(198, 65, 44, '鸭蛋', 5, 6.99, 34.95),
(199, 66, 45, '鹌鹑蛋', 1, 8.99, 8.99),
(200, 66, 16, '新鲜上海青', 5, 2.99, 14.95);

INSERT INTO `order_items` (`id`, `order_id`, `product_id`, `product_name`, `quantity`, `price`, `subtotal`) VALUES
(201, 66, 14, '荔枝', 2, 15.99, 31.98),
(202, 66, 59, '豆奶', 5, 25.0, 125.0),
(203, 66, 40, '羊肉', 2, 42.0, 84.0),
(204, 67, 46, '鲜活大虾', 5, 35.99, 179.95),
(205, 68, 53, '鱿鱼', 3, 26.0, 78.0),
(206, 68, 14, '荔枝', 4, 15.99, 63.96),
(207, 68, 48, '冷冻虾仁', 3, 45.0, 135.0),
(208, 69, 21, '花菜', 3, 4.5, 13.5),
(209, 69, 12, '梨子', 5, 4.99, 24.95),
(210, 69, 65, '饼干', 5, 18.0, 90.0),
(211, 70, 4, '青苹果', 3, 4.59, 13.77),
(212, 70, 21, '花菜', 3, 4.5, 13.5),
(213, 70, 24, '黄瓜', 5, 2.99, 14.95),
(214, 71, 34, '肉末', 5, 15.99, 79.95),
(215, 71, 43, '鸡蛋', 1, 5.99, 5.99),
(216, 71, 55, '生蚝', 1, 28.0, 28.0),
(217, 71, 49, '小龙虾', 3, 25.0, 75.0),
(218, 71, 30, '白菜', 5, 1.8, 9.0),
(219, 72, 4, '青苹果', 1, 4.59, 4.59),
(220, 72, 35, '鸡胸肉', 4, 12.99, 51.96),
(221, 73, 8, '葡萄', 3, 8.99, 26.97),
(222, 73, 62, '黄油', 3, 38.0, 114.0),
(223, 73, 42, '猪蹄', 5, 22.0, 110.0),
(224, 74, 48, '冷冻虾仁', 3, 45.0, 135.0),
(225, 74, 41, '鸭肉', 1, 14.99, 14.99),
(226, 74, 31, '精选五花肉', 5, 18.99, 94.95),
(227, 74, 2, '金帅苹果', 1, 4.99, 4.99),
(228, 74, 60, '酸奶饮品', 2, 28.0, 56.0),
(229, 75, 21, '花菜', 2, 4.5, 9.0),
(230, 75, 14, '荔枝', 3, 15.99, 47.97),
(231, 75, 19, '卷心菜', 2, 1.99, 3.98),
(232, 75, 35, '鸡胸肉', 4, 12.99, 51.96),
(233, 76, 33, '纯瘦肉', 2, 19.99, 39.98),
(234, 76, 53, '鱿鱼', 3, 26.0, 78.0),
(235, 76, 3, '嘎啦苹果', 1, 3.99, 3.99),
(236, 77, 63, '面包', 4, 15.0, 60.0),
(237, 77, 46, '鲜活大虾', 4, 35.99, 143.96),
(238, 78, 18, '生菜', 1, 2.5, 2.5),
(239, 78, 48, '冷冻虾仁', 5, 45.0, 225.0),
(240, 79, 45, '鹌鹑蛋', 4, 8.99, 35.96),
(241, 79, 23, '西红柿', 4, 3.5, 14.0),
(242, 79, 36, '鸡腿', 4, 13.99, 55.96),
(243, 79, 35, '鸡胸肉', 3, 12.99, 38.97),
(244, 80, 44, '鸭蛋', 3, 6.99, 20.97),
(245, 81, 21, '花菜', 1, 4.5, 4.5),
(246, 81, 29, '芹菜', 5, 3.2, 16.0),
(247, 81, 8, '葡萄', 2, 8.99, 17.98),
(248, 82, 63, '面包', 1, 15.0, 15.0),
(249, 83, 12, '梨子', 3, 4.99, 14.97),
(250, 83, 14, '荔枝', 2, 15.99, 31.98),
(251, 83, 4, '青苹果', 5, 4.59, 22.95),
(252, 83, 57, '低脂牛奶', 1, 48.0, 48.0),
(253, 83, 37, '鸡翅', 1, 16.99, 16.99),
(254, 84, 31, '精选五花肉', 1, 18.99, 18.99),
(255, 84, 45, '鹌鹑蛋', 5, 8.99, 44.95),
(256, 84, 50, '螃蟹', 5, 48.0, 240.0),
(257, 85, 44, '鸭蛋', 4, 6.99, 27.96),
(258, 85, 42, '猪蹄', 1, 22.0, 22.0),
(259, 85, 46, '鲜活大虾', 1, 35.99, 35.99),
(260, 85, 28, '青椒', 3, 3.5, 10.5),
(261, 85, 21, '花菜', 1, 4.5, 4.5),
(262, 86, 30, '白菜', 3, 1.8, 5.4),
(263, 86, 12, '梨子', 4, 4.99, 19.96),
(264, 86, 53, '鱿鱼', 3, 26.0, 78.0),
(265, 86, 46, '鲜活大虾', 5, 35.99, 179.95),
(266, 87, 23, '西红柿', 5, 3.5, 17.5),
(267, 88, 40, '羊肉', 1, 42.0, 42.0),
(268, 88, 15, '樱桃', 2, 25.99, 51.98),
(269, 88, 2, '金帅苹果', 2, 4.99, 9.98),
(270, 88, 16, '新鲜上海青', 4, 2.99, 11.96),
(271, 89, 6, '橙子', 3, 4.5, 13.5),
(272, 89, 12, '梨子', 4, 4.99, 19.96),
(273, 89, 65, '饼干', 3, 18.0, 54.0),
(274, 89, 61, '奶酪', 2, 52.0, 104.0),
(275, 89, 3, '嘎啦苹果', 2, 3.99, 7.98),
(276, 90, 12, '梨子', 1, 4.99, 4.99),
(277, 90, 10, '西瓜', 4, 2.99, 11.96),
(278, 91, 14, '荔枝', 3, 15.99, 47.97),
(279, 91, 49, '小龙虾', 3, 25.0, 75.0),
(280, 92, 51, '鲈鱼', 5, 22.0, 110.0),
(281, 92, 3, '嘎啦苹果', 3, 3.99, 11.97),
(282, 93, 17, '菠菜', 1, 3.5, 3.5),
(283, 93, 37, '鸡翅', 2, 16.99, 33.98),
(284, 94, 21, '花菜', 5, 4.5, 22.5),
(285, 94, 18, '生菜', 2, 2.5, 5.0),
(286, 94, 23, '西红柿', 2, 3.5, 7.0),
(287, 94, 45, '鹌鹑蛋', 3, 8.99, 26.97),
(288, 94, 17, '菠菜', 2, 3.5, 7.0),
(289, 95, 39, '牛肉', 5, 45.0, 225.0),
(290, 95, 52, '带鱼', 4, 18.0, 72.0),
(291, 96, 28, '青椒', 5, 3.5, 17.5),
(292, 97, 16, '新鲜上海青', 5, 2.99, 14.95),
(293, 97, 1, '红富士苹果', 4, 5.99, 23.96),
(294, 97, 57, '低脂牛奶', 1, 48.0, 48.0),
(295, 97, 31, '精选五花肉', 1, 18.99, 18.99),
(296, 98, 30, '白菜', 4, 1.8, 7.2),
(297, 98, 56, '纯牛奶 (盒装)', 3, 45.0, 135.0),
(298, 98, 64, '蛋糕', 1, 42.0, 42.0),
(299, 99, 47, '海白虾', 3, 29.99, 89.97),
(300, 99, 22, '茄子', 1, 3.99, 3.99);

INSERT INTO `order_items` (`id`, `order_id`, `product_id`, `product_name`, `quantity`, `price`, `subtotal`) VALUES
(301, 99, 13, '柚子', 1, 3.99, 3.99),
(302, 99, 26, '土豆', 1, 2.3, 2.3),
(303, 99, 35, '鸡胸肉', 1, 12.99, 12.99),
(304, 100, 6, '橙子', 4, 4.5, 18.0),
(305, 100, 26, '土豆', 3, 2.3, 6.9),
(306, 100, 44, '鸭蛋', 2, 6.99, 13.98),
(307, 100, 1, '红富士苹果', 1, 5.99, 5.99),
(308, 101, 4, '青苹果', 5, 4.59, 22.95),
(309, 101, 58, '酸奶', 5, 35.0, 175.0),
(310, 101, 30, '白菜', 1, 1.8, 1.8),
(311, 102, 20, '西兰花', 5, 5.99, 29.95),
(312, 103, 33, '纯瘦肉', 1, 19.99, 19.99),
(313, 103, 15, '樱桃', 1, 25.99, 25.99),
(314, 104, 49, '小龙虾', 3, 25.0, 75.0),
(315, 104, 27, '洋葱', 4, 2.8, 11.2),
(316, 104, 22, '茄子', 2, 3.99, 7.98),
(317, 104, 62, '黄油', 1, 38.0, 38.0),
(318, 104, 13, '柚子', 4, 3.99, 15.96),
(319, 105, 20, '西兰花', 1, 5.99, 5.99),
(320, 106, 60, '酸奶饮品', 4, 28.0, 112.0),
(321, 106, 22, '茄子', 1, 3.99, 3.99),
(322, 106, 5, '新鲜香蕉', 5, 3.99, 19.95),
(323, 107, 3, '嘎啦苹果', 2, 3.99, 7.98),
(324, 107, 2, '金帅苹果', 5, 4.99, 24.95),
(325, 107, 13, '柚子', 1, 3.99, 3.99),
(326, 107, 54, '扇贝', 5, 32.0, 160.0),
(327, 107, 7, '猕猴桃', 3, 6.99, 20.97),
(328, 108, 31, '精选五花肉', 4, 18.99, 75.96),
(329, 108, 7, '猕猴桃', 1, 6.99, 6.99),
(330, 108, 64, '蛋糕', 5, 42.0, 210.0),
(331, 109, 9, '草莓', 2, 12.99, 25.98),
(332, 109, 19, '卷心菜', 1, 1.99, 1.99),
(333, 109, 1, '红富士苹果', 5, 5.99, 29.95),
(334, 110, 5, '新鲜香蕉', 5, 3.99, 19.95),
(335, 110, 4, '青苹果', 5, 4.59, 22.95),
(336, 110, 64, '蛋糕', 3, 42.0, 126.0),
(337, 111, 48, '冷冻虾仁', 3, 45.0, 135.0),
(338, 111, 3, '嘎啦苹果', 5, 3.99, 19.95),
(339, 111, 23, '西红柿', 2, 3.5, 7.0),
(340, 111, 10, '西瓜', 4, 2.99, 11.96),
(341, 112, 40, '羊肉', 1, 42.0, 42.0),
(342, 112, 56, '纯牛奶 (盒装)', 3, 45.0, 135.0),
(343, 112, 19, '卷心菜', 1, 1.99, 1.99),
(344, 113, 12, '梨子', 5, 4.99, 24.95),
(345, 113, 19, '卷心菜', 4, 1.99, 7.96),
(346, 114, 39, '牛肉', 1, 45.0, 45.0),
(347, 114, 13, '柚子', 1, 3.99, 3.99),
(348, 115, 20, '西兰花', 1, 5.99, 5.99),
(349, 116, 18, '生菜', 4, 2.5, 10.0),
(350, 116, 22, '茄子', 2, 3.99, 7.98),
(351, 117, 4, '青苹果', 5, 4.59, 22.95),
(352, 118, 48, '冷冻虾仁', 5, 45.0, 225.0),
(353, 118, 3, '嘎啦苹果', 2, 3.99, 7.98),
(354, 118, 55, '生蚝', 2, 28.0, 56.0),
(355, 118, 40, '羊肉', 2, 42.0, 84.0),
(356, 118, 21, '花菜', 1, 4.5, 4.5),
(357, 119, 45, '鹌鹑蛋', 1, 8.99, 8.99),
(358, 120, 7, '猕猴桃', 3, 6.99, 20.97),
(359, 120, 64, '蛋糕', 5, 42.0, 210.0),
(360, 120, 36, '鸡腿', 2, 13.99, 27.98),
(361, 121, 57, '低脂牛奶', 4, 48.0, 192.0),
(362, 121, 45, '鹌鹑蛋', 3, 8.99, 26.97),
(363, 121, 60, '酸奶饮品', 1, 28.0, 28.0),
(364, 121, 8, '葡萄', 2, 8.99, 17.98),
(365, 122, 62, '黄油', 5, 38.0, 190.0),
(366, 122, 58, '酸奶', 3, 35.0, 105.0),
(367, 122, 21, '花菜', 4, 4.5, 18.0),
(368, 123, 8, '葡萄', 4, 8.99, 35.96),
(369, 123, 42, '猪蹄', 1, 22.0, 22.0),
(370, 123, 52, '带鱼', 1, 18.0, 18.0),
(371, 123, 23, '西红柿', 1, 3.5, 3.5),
(372, 124, 18, '生菜', 3, 2.5, 7.5),
(373, 124, 3, '嘎啦苹果', 5, 3.99, 19.95),
(374, 125, 33, '纯瘦肉', 5, 19.99, 99.95),
(375, 125, 32, '猪肋排', 3, 28.99, 86.97),
(376, 126, 29, '芹菜', 3, 3.2, 9.6),
(377, 126, 21, '花菜', 2, 4.5, 9.0),
(378, 126, 33, '纯瘦肉', 3, 19.99, 59.97),
(379, 127, 57, '低脂牛奶', 4, 48.0, 192.0),
(380, 127, 29, '芹菜', 2, 3.2, 6.4),
(381, 127, 53, '鱿鱼', 1, 26.0, 26.0),
(382, 127, 43, '鸡蛋', 3, 5.99, 17.97),
(383, 128, 15, '樱桃', 3, 25.99, 77.97),
(384, 128, 27, '洋葱', 4, 2.8, 11.2),
(385, 128, 32, '猪肋排', 5, 28.99, 144.95),
(386, 128, 64, '蛋糕', 3, 42.0, 126.0),
(387, 129, 51, '鲈鱼', 3, 22.0, 66.0),
(388, 129, 8, '葡萄', 1, 8.99, 8.99),
(389, 129, 12, '梨子', 3, 4.99, 14.97),
(390, 129, 42, '猪蹄', 5, 22.0, 110.0),
(391, 129, 30, '白菜', 4, 1.8, 7.2),
(392, 130, 47, '海白虾', 5, 29.99, 149.95),
(393, 130, 42, '猪蹄', 2, 22.0, 44.0),
(394, 130, 20, '西兰花', 1, 5.99, 5.99),
(395, 130, 36, '鸡腿', 4, 13.99, 55.96),
(396, 131, 61, '奶酪', 2, 52.0, 104.0),
(397, 131, 4, '青苹果', 2, 4.59, 9.18),
(398, 131, 11, '芒果', 5, 7.99, 39.95),
(399, 132, 59, '豆奶', 3, 25.0, 75.0),
(400, 132, 2, '金帅苹果', 5, 4.99, 24.95);

INSERT INTO `order_items` (`id`, `order_id`, `product_id`, `product_name`, `quantity`, `price`, `subtotal`) VALUES
(401, 132, 41, '鸭肉', 2, 14.99, 29.98),
(402, 132, 15, '樱桃', 2, 25.99, 51.98),
(403, 133, 4, '青苹果', 4, 4.59, 18.36),
(404, 133, 20, '西兰花', 3, 5.99, 17.97),
(405, 134, 55, '生蚝', 2, 28.0, 56.0),
(406, 134, 48, '冷冻虾仁', 3, 45.0, 135.0),
(407, 135, 62, '黄油', 4, 38.0, 152.0),
(408, 136, 40, '羊肉', 5, 42.0, 210.0),
(409, 136, 60, '酸奶饮品', 4, 28.0, 112.0),
(410, 136, 30, '白菜', 3, 1.8, 5.4),
(411, 136, 56, '纯牛奶 (盒装)', 4, 45.0, 180.0),
(412, 136, 64, '蛋糕', 1, 42.0, 42.0),
(413, 137, 52, '带鱼', 1, 18.0, 18.0),
(414, 137, 33, '纯瘦肉', 5, 19.99, 99.95),
(415, 137, 27, '洋葱', 2, 2.8, 5.6),
(416, 137, 20, '西兰花', 4, 5.99, 23.96),
(417, 138, 17, '菠菜', 2, 3.5, 7.0),
(418, 138, 40, '羊肉', 5, 42.0, 210.0),
(419, 138, 47, '海白虾', 5, 29.99, 149.95),
(420, 138, 59, '豆奶', 3, 25.0, 75.0),
(421, 139, 24, '黄瓜', 2, 2.99, 5.98),
(422, 139, 47, '海白虾', 4, 29.99, 119.96),
(423, 139, 44, '鸭蛋', 4, 6.99, 27.96),
(424, 139, 34, '肉末', 1, 15.99, 15.99),
(425, 140, 65, '饼干', 2, 18.0, 36.0),
(426, 140, 61, '奶酪', 5, 52.0, 260.0),
(427, 140, 64, '蛋糕', 2, 42.0, 84.0),
(428, 140, 45, '鹌鹑蛋', 5, 8.99, 44.95),
(429, 140, 57, '低脂牛奶', 3, 48.0, 144.0),
(430, 141, 43, '鸡蛋', 3, 5.99, 17.97),
(431, 141, 22, '茄子', 3, 3.99, 11.97),
(432, 141, 56, '纯牛奶 (盒装)', 4, 45.0, 180.0),
(433, 142, 54, '扇贝', 4, 32.0, 128.0),
(434, 142, 24, '黄瓜', 5, 2.99, 14.95),
(435, 142, 32, '猪肋排', 3, 28.99, 86.97),
(436, 143, 23, '西红柿', 3, 3.5, 10.5),
(437, 143, 16, '新鲜上海青', 4, 2.99, 11.96),
(438, 143, 47, '海白虾', 2, 29.99, 59.98),
(439, 144, 28, '青椒', 5, 3.5, 17.5),
(440, 145, 30, '白菜', 1, 1.8, 1.8),
(441, 145, 38, '整鸡', 1, 35.0, 35.0),
(442, 146, 3, '嘎啦苹果', 5, 3.99, 19.95),
(443, 146, 62, '黄油', 3, 38.0, 114.0),
(444, 146, 19, '卷心菜', 2, 1.99, 3.98),
(445, 146, 11, '芒果', 3, 7.99, 23.97),
(446, 147, 56, '纯牛奶 (盒装)', 4, 45.0, 180.0),
(447, 147, 47, '海白虾', 1, 29.99, 29.99),
(448, 147, 58, '酸奶', 1, 35.0, 35.0),
(449, 147, 13, '柚子', 5, 3.99, 19.95),
(450, 147, 9, '草莓', 1, 12.99, 12.99),
(451, 148, 56, '纯牛奶 (盒装)', 1, 45.0, 45.0),
(452, 149, 50, '螃蟹', 1, 48.0, 48.0),
(453, 149, 24, '黄瓜', 3, 2.99, 8.97),
(454, 149, 45, '鹌鹑蛋', 1, 8.99, 8.99),
(455, 149, 30, '白菜', 2, 1.8, 3.6),
(456, 150, 6, '橙子', 3, 4.5, 13.5),
(457, 150, 47, '海白虾', 4, 29.99, 119.96),
(458, 150, 50, '螃蟹', 3, 48.0, 144.0),
(459, 150, 44, '鸭蛋', 4, 6.99, 27.96),
(460, 150, 21, '花菜', 4, 4.5, 18.0),
(461, 151, 44, '鸭蛋', 2, 6.99, 13.98),
(462, 151, 36, '鸡腿', 2, 13.99, 27.98),
(463, 151, 23, '西红柿', 4, 3.5, 14.0),
(464, 151, 20, '西兰花', 4, 5.99, 23.96),
(465, 152, 34, '肉末', 4, 15.99, 63.96),
(466, 152, 54, '扇贝', 4, 32.0, 128.0),
(467, 152, 33, '纯瘦肉', 5, 19.99, 99.95),
(468, 153, 18, '生菜', 1, 2.5, 2.5),
(469, 153, 15, '樱桃', 3, 25.99, 77.97),
(470, 153, 43, '鸡蛋', 4, 5.99, 23.96),
(471, 154, 35, '鸡胸肉', 4, 12.99, 51.96),
(472, 154, 10, '西瓜', 3, 2.99, 8.97),
(473, 154, 37, '鸡翅', 5, 16.99, 84.95),
(474, 154, 29, '芹菜', 5, 3.2, 16.0),
(475, 155, 49, '小龙虾', 3, 25.0, 75.0),
(476, 155, 50, '螃蟹', 1, 48.0, 48.0),
(477, 155, 33, '纯瘦肉', 5, 19.99, 99.95),
(478, 156, 44, '鸭蛋', 3, 6.99, 20.97),
(479, 156, 47, '海白虾', 1, 29.99, 29.99),
(480, 156, 1, '红富士苹果', 2, 5.99, 11.98),
(481, 156, 22, '茄子', 5, 3.99, 19.95),
(482, 157, 65, '饼干', 3, 18.0, 54.0),
(483, 158, 41, '鸭肉', 3, 14.99, 44.97),
(484, 158, 45, '鹌鹑蛋', 5, 8.99, 44.95),
(485, 158, 64, '蛋糕', 3, 42.0, 126.0),
(486, 158, 43, '鸡蛋', 1, 5.99, 5.99),
(487, 158, 27, '洋葱', 2, 2.8, 5.6),
(488, 159, 60, '酸奶饮品', 3, 28.0, 84.0),
(489, 159, 55, '生蚝', 2, 28.0, 56.0),
(490, 160, 48, '冷冻虾仁', 2, 45.0, 90.0),
(491, 160, 62, '黄油', 1, 38.0, 38.0),
(492, 160, 42, '猪蹄', 5, 22.0, 110.0),
(493, 160, 36, '鸡腿', 2, 13.99, 27.98),
(494, 160, 63, '面包', 5, 15.0, 75.0);

-- ----------------------------
-- Generated Commissions (112 commissions)
-- ----------------------------
INSERT INTO `commissions` (`id`, `captain_id`, `order_id`, `amount`, `created_at`) VALUES
(NULL, 1, 1, 4.65, DATE_SUB(NOW(), INTERVAL 39 DAY)),
(NULL, 1, 5, 22.42, DATE_SUB(NOW(), INTERVAL 46 DAY)),
(NULL, 1, 7, 32.41, DATE_SUB(NOW(), INTERVAL 3 DAY)),
(NULL, 1, 8, 20.09, DATE_SUB(NOW(), INTERVAL 45 DAY)),
(NULL, 1, 9, 0.7, DATE_SUB(NOW(), INTERVAL 23 DAY)),
(NULL, 1, 10, 29.16, DATE_SUB(NOW(), INTERVAL 53 DAY)),
(NULL, 1, 11, 2.4, DATE_SUB(NOW(), INTERVAL 22 DAY)),
(NULL, 1, 12, 12.94, DATE_SUB(NOW(), INTERVAL 36 DAY)),
(NULL, 1, 13, 31.56, DATE_SUB(NOW(), INTERVAL 36 DAY)),
(NULL, 1, 14, 35.6, DATE_SUB(NOW(), INTERVAL 48 DAY)),
(NULL, 1, 15, 0.45, DATE_SUB(NOW(), INTERVAL 16 DAY)),
(NULL, 1, 16, 13.08, DATE_SUB(NOW(), INTERVAL 6 DAY)),
(NULL, 1, 17, 34.52, DATE_SUB(NOW(), INTERVAL 54 DAY)),
(NULL, 1, 18, 2.57, DATE_SUB(NOW(), INTERVAL 5 DAY)),
(NULL, 1, 20, 17.84, DATE_SUB(NOW(), INTERVAL 32 DAY)),
(NULL, 1, 21, 25.94, DATE_SUB(NOW(), INTERVAL 53 DAY)),
(NULL, 1, 22, 13.5, DATE_SUB(NOW(), INTERVAL 48 DAY)),
(NULL, 1, 23, 14.24, DATE_SUB(NOW(), INTERVAL 39 DAY)),
(NULL, 1, 24, 7.65, DATE_SUB(NOW(), INTERVAL 8 DAY)),
(NULL, 1, 25, 11.45, DATE_SUB(NOW(), INTERVAL 23 DAY)),
(NULL, 1, 27, 44.29, DATE_SUB(NOW(), INTERVAL 52 DAY)),
(NULL, 1, 28, 31.01, DATE_SUB(NOW(), INTERVAL 28 DAY)),
(NULL, 1, 29, 0.71, DATE_SUB(NOW(), INTERVAL 57 DAY)),
(NULL, 1, 31, 6.75, DATE_SUB(NOW(), INTERVAL 43 DAY)),
(NULL, 1, 35, 17.68, DATE_SUB(NOW(), INTERVAL 5 DAY)),
(NULL, 1, 36, 1.08, DATE_SUB(NOW(), INTERVAL 21 DAY)),
(NULL, 1, 37, 8.25, DATE_SUB(NOW(), INTERVAL 55 DAY)),
(NULL, 1, 40, 17.44, DATE_SUB(NOW(), INTERVAL 28 DAY)),
(NULL, 1, 41, 24.6, DATE_SUB(NOW(), INTERVAL 58 DAY)),
(NULL, 1, 42, 14.08, DATE_SUB(NOW(), INTERVAL 47 DAY)),
(NULL, 1, 43, 28.02, DATE_SUB(NOW(), INTERVAL 46 DAY)),
(NULL, 1, 45, 2.08, DATE_SUB(NOW(), INTERVAL 44 DAY)),
(NULL, 1, 46, 39.56, DATE_SUB(NOW(), INTERVAL 60 DAY)),
(NULL, 1, 47, 13.02, DATE_SUB(NOW(), INTERVAL 3 DAY)),
(NULL, 1, 48, 27.45, DATE_SUB(NOW(), INTERVAL 49 DAY)),
(NULL, 1, 49, 18.63, DATE_SUB(NOW(), INTERVAL 16 DAY)),
(NULL, 1, 50, 6.0, DATE_SUB(NOW(), INTERVAL 34 DAY)),
(NULL, 1, 51, 31.3, DATE_SUB(NOW(), INTERVAL 4 DAY)),
(NULL, 1, 52, 8.38, DATE_SUB(NOW(), INTERVAL 59 DAY)),
(NULL, 1, 53, 15.44, DATE_SUB(NOW(), INTERVAL 21 DAY)),
(NULL, 1, 54, 10.15, DATE_SUB(NOW(), INTERVAL 36 DAY)),
(NULL, 1, 56, 4.5, DATE_SUB(NOW(), INTERVAL 22 DAY)),
(NULL, 1, 58, 2.0, DATE_SUB(NOW(), INTERVAL 50 DAY)),
(NULL, 1, 59, 25.2, DATE_SUB(NOW(), INTERVAL 29 DAY)),
(NULL, 1, 61, 1.6, DATE_SUB(NOW(), INTERVAL 28 DAY)),
(NULL, 1, 63, 20.7, DATE_SUB(NOW(), INTERVAL 40 DAY)),
(NULL, 1, 64, 3.85, DATE_SUB(NOW(), INTERVAL 44 DAY)),
(NULL, 1, 65, 5.24, DATE_SUB(NOW(), INTERVAL 47 DAY)),
(NULL, 1, 66, 27.9, DATE_SUB(NOW(), INTERVAL 15 DAY)),
(NULL, 1, 67, 21.59, DATE_SUB(NOW(), INTERVAL 49 DAY)),
(NULL, 1, 68, 31.96, DATE_SUB(NOW(), INTERVAL 46 DAY)),
(NULL, 1, 69, 10.38, DATE_SUB(NOW(), INTERVAL 52 DAY)),
(NULL, 1, 70, 2.81, DATE_SUB(NOW(), INTERVAL 3 DAY)),
(NULL, 1, 71, 25.7, DATE_SUB(NOW(), INTERVAL 9 DAY)),
(NULL, 1, 72, 8.25, DATE_SUB(NOW(), INTERVAL 60 DAY)),
(NULL, 1, 75, 13.24, DATE_SUB(NOW(), INTERVAL 37 DAY)),
(NULL, 1, 76, 15.76, DATE_SUB(NOW(), INTERVAL 13 DAY)),
(NULL, 1, 77, 22.08, DATE_SUB(NOW(), INTERVAL 45 DAY)),
(NULL, 1, 80, 3.15, DATE_SUB(NOW(), INTERVAL 12 DAY)),
(NULL, 1, 82, 1.2, DATE_SUB(NOW(), INTERVAL 48 DAY)),
(NULL, 1, 84, 38.39, DATE_SUB(NOW(), INTERVAL 7 DAY)),
(NULL, 1, 85, 12.57, DATE_SUB(NOW(), INTERVAL 43 DAY)),
(NULL, 1, 86, 33.22, DATE_SUB(NOW(), INTERVAL 18 DAY)),
(NULL, 1, 87, 0.88, DATE_SUB(NOW(), INTERVAL 35 DAY)),
(NULL, 1, 89, 16.79, DATE_SUB(NOW(), INTERVAL 59 DAY)),
(NULL, 1, 90, 1.7, DATE_SUB(NOW(), INTERVAL 7 DAY)),
(NULL, 1, 91, 13.8, DATE_SUB(NOW(), INTERVAL 14 DAY)),
(NULL, 1, 92, 14.4, DATE_SUB(NOW(), INTERVAL 34 DAY)),
(NULL, 1, 94, 6.12, DATE_SUB(NOW(), INTERVAL 56 DAY)),
(NULL, 1, 95, 42.39, DATE_SUB(NOW(), INTERVAL 44 DAY)),
(NULL, 1, 97, 9.84, DATE_SUB(NOW(), INTERVAL 14 DAY)),
(NULL, 1, 98, 14.52, DATE_SUB(NOW(), INTERVAL 15 DAY)),
(NULL, 1, 99, 13.46, DATE_SUB(NOW(), INTERVAL 10 DAY)),
(NULL, 1, 100, 4.85, DATE_SUB(NOW(), INTERVAL 30 DAY)),
(NULL, 1, 101, 16.38, DATE_SUB(NOW(), INTERVAL 5 DAY)),
(NULL, 1, 102, 1.5, DATE_SUB(NOW(), INTERVAL 39 DAY)),
(NULL, 1, 103, 5.6, DATE_SUB(NOW(), INTERVAL 10 DAY)),
(NULL, 1, 104, 14.6, DATE_SUB(NOW(), INTERVAL 56 DAY)),
(NULL, 1, 106, 11.16, DATE_SUB(NOW(), INTERVAL 59 DAY)),
(NULL, 1, 107, 25.0, DATE_SUB(NOW(), INTERVAL 59 DAY)),
(NULL, 1, 108, 28.89, DATE_SUB(NOW(), INTERVAL 4 DAY)),
(NULL, 1, 109, 5.7, DATE_SUB(NOW(), INTERVAL 32 DAY)),
(NULL, 1, 110, 14.37, DATE_SUB(NOW(), INTERVAL 22 DAY)),
(NULL, 1, 111, 19.75, DATE_SUB(NOW(), INTERVAL 41 DAY)),
(NULL, 1, 112, 17.2, DATE_SUB(NOW(), INTERVAL 7 DAY)),
(NULL, 1, 114, 7.15, DATE_SUB(NOW(), INTERVAL 57 DAY)),
(NULL, 1, 119, 1.35, DATE_SUB(NOW(), INTERVAL 25 DAY)),
(NULL, 1, 121, 23.45, DATE_SUB(NOW(), INTERVAL 16 DAY)),
(NULL, 1, 122, 24.5, DATE_SUB(NOW(), INTERVAL 14 DAY)),
(NULL, 1, 125, 28.04, DATE_SUB(NOW(), INTERVAL 12 DAY)),
(NULL, 1, 126, 9.93, DATE_SUB(NOW(), INTERVAL 9 DAY)),
(NULL, 1, 127, 21.5, DATE_SUB(NOW(), INTERVAL 30 DAY)),
(NULL, 1, 128, 40.18, DATE_SUB(NOW(), INTERVAL 41 DAY)),
(NULL, 1, 129, 27.18, DATE_SUB(NOW(), INTERVAL 58 DAY)),
(NULL, 1, 130, 33.28, DATE_SUB(NOW(), INTERVAL 25 DAY)),
(NULL, 1, 131, 13.24, DATE_SUB(NOW(), INTERVAL 3 DAY)),
(NULL, 1, 133, 2.74, DATE_SUB(NOW(), INTERVAL 21 DAY)),
(NULL, 1, 135, 12.16, DATE_SUB(NOW(), INTERVAL 25 DAY)),
(NULL, 1, 136, 58.49, DATE_SUB(NOW(), INTERVAL 33 DAY)),
(NULL, 1, 138, 55.84, DATE_SUB(NOW(), INTERVAL 41 DAY)),
(NULL, 1, 140, 48.66, DATE_SUB(NOW(), INTERVAL 58 DAY)),
(NULL, 1, 143, 8.33, DATE_SUB(NOW(), INTERVAL 15 DAY)),
(NULL, 1, 146, 13.72, DATE_SUB(NOW(), INTERVAL 2 DAY)),
(NULL, 1, 147, 24.1, DATE_SUB(NOW(), INTERVAL 15 DAY)),
(NULL, 1, 148, 3.6, DATE_SUB(NOW(), INTERVAL 15 DAY)),
(NULL, 1, 149, 7.74, DATE_SUB(NOW(), INTERVAL 17 DAY)),
(NULL, 1, 152, 39.94, DATE_SUB(NOW(), INTERVAL 6 DAY)),
(NULL, 1, 154, 22.23, DATE_SUB(NOW(), INTERVAL 40 DAY)),
(NULL, 1, 156, 8.95, DATE_SUB(NOW(), INTERVAL 43 DAY)),
(NULL, 1, 158, 24.75, DATE_SUB(NOW(), INTERVAL 10 DAY)),
(NULL, 1, 159, 13.44, DATE_SUB(NOW(), INTERVAL 43 DAY)),
(NULL, 1, 160, 40.54, DATE_SUB(NOW(), INTERVAL 14 DAY));

-- ----------------------------
-- Generated Cart Items (19 items)
-- ----------------------------
INSERT INTO `carts` (`id`, `resident_id`, `product_id`, `quantity`, `created_at`, `updated_at`) VALUES
(NULL, 18, 42, 2, NOW(), NOW()),
(NULL, 15, 60, 1, NOW(), NOW()),
(NULL, 15, 44, 3, NOW(), NOW()),
(NULL, 15, 31, 2, NOW(), NOW()),
(NULL, 15, 45, 2, NOW(), NOW()),
(NULL, 3, 36, 2, NOW(), NOW()),
(NULL, 3, 5, 1, NOW(), NOW()),
(NULL, 19, 49, 2, NOW(), NOW()),
(NULL, 19, 16, 2, NOW(), NOW()),
(NULL, 14, 9, 2, NOW(), NOW()),
(NULL, 14, 49, 2, NOW(), NOW()),
(NULL, 4, 7, 1, NOW(), NOW()),
(NULL, 4, 31, 3, NOW(), NOW()),
(NULL, 4, 38, 2, NOW(), NOW()),
(NULL, 4, 47, 3, NOW(), NOW()),
(NULL, 8, 57, 1, NOW(), NOW()),
(NULL, 8, 19, 1, NOW(), NOW()),
(NULL, 5, 40, 3, NOW(), NOW()),
(NULL, 5, 28, 1, NOW(), NOW());

-- Statistics:
-- Total Orders: 160
-- Zhangsan Orders: 28
-- Total Order Items: 494
-- Total Commissions: 112
-- Total Cart Items: 19

SET FOREIGN_KEY_CHECKS = 1;
